Workbook

Sheet Titres_Declare
A1: Code | B1: Entreprise Titulaire | C1: Type | D1: Substances | E1: Statut | F1: Région | G1: Date Octroi | H1: Date Expiration | I1: Année Octroi | J1: Correspondance RBE | K1: Score Matching | L1: Année 1re Décl. RBE | M1: Déclaré (0/1)
A2: 02001 | B2: COMPAGNIE SENEGALAISE DES PHOSPHATES DE TAIBA | C2: CM | D2: phosphate de chaux | E2: Active | F2: Thiès | G2: 01/01/1959 | H2: 01/01/2034 | I2: 1959 | M2: 0 — NON
A3: 02002 | B3: PROCHIMAT | C3: CM | D3: phosphate de chaux | E3: Active | F3: Thiès | G3: 21/03/2015 | H3: 01/01/2052 | I3: 2015 | M3: 0 — NON
A4: 02003 | B4: ENTREPRISE DE GENIE CIVIL CONCASSEUR BASALTE NDIAMBOUR (EGCCBN) SUARL | C4: AECPP | D4: basalte | E4: Active | F4: Thiès | G4: 04/10/2019 | H4: 02/10/2029 | I4: 2019 | M4: 0 — NON
A5: 02004 | B5: SOCIETE SENEGALAISE DES PHOSPHATES DE THIES | C5: CM | D5: argile industrielle, attapulgite, sépiolite | E5: Active | F5: Thiès | G5: 19/04/1985 | I5: 1985 | J5: SOCIETE SENEGALAISE DE PHOSPHATES DE THIES (SSPT) | K5: 93.3 | L5: 2023 | M5: 1 — OUI
A6: 02005 | B6: SOCIETE SENEGALAISE DES PHOSPHATES DE THIES | C6: CM | D6: Argile, attapulgite, sépiolite | E6: Active | F6: Thiès | G6: 19/04/1985 | I6: 1985 | J6: SOCIETE SENEGALAISE DE PHOSPHATES DE THIES (SSPT) | K6: 93.3 | L6: 2023 | M6: 1 — OUI
A7: 02006 | B7: SOCIETE SENEGALAISE DES PHOSPHATES DE THIES | C7: CM | D7: argile industrielle, attapulgite, sépiolite | E7: Renouvellement en Cours | F7: Thiès | G7: 12/01/1998 | H7: 11/01/2023 | I7: 1998 | J7: SOCIETE SENEGALAISE DE PHOSPHATES DE THIES (SSPT) | K7: 93.3 | L7: 2023 | M7: 1 — OUI
A8: 02007 | B8: SOCIETE SENEGALAISE DES PHOSPHATES DE THIES | C8: CM | D8: Argile, attapulgite, sépiolite | E8: Active | F8: Thiès | G8: 19/04/1985 | I8: 1985 | J8: SOCIETE SENEGALAISE DE PHOSPHATES DE THIES (SSPT) | K8: 93.3 | L8: 2023 | M8: 1 — OUI
A9: 02008 | B9: COMPAGNIE GENERALE D'EXPLOITATION DE CARRIERE | C9: AECPP | D9: basalte | E9: Active | F9: Thiès | G9: 30/05/1983 | H9: 20/09/2026 | I9: 1983 | M9: 0 — NON
A10: 02009 | B10: GECAMINES.SA | C10: AECPP | D10: basalte | E10: Active | F10: Thiès | G10: 22/06/2009 | H10: 21/06/2025 | I10: 2009 | M10: 0 — NON
A11: 02010 | B11: COMPAGNIE SAHELIENNE D'ENTREPRISE GRANULATS | C11: AECPP | D11: basalte | E11: Avertissement Renouvellement | F11: Thiès | G11: 18/10/1995 | H11: 13/01/2025 | I11: 1995 | M11: 0 — NON
A12: 02011 | B12: GECAMINES.SA | C12: AECPP | D12: calcaire | E12: Active | F12: Thiès | G12: 07/10/2021 | H12: 06/10/2026 | I12: 2021 | M12: 0 — NON
A13: 02013 | B13: COMPAGNIE GENERALE D'EXPLOITATION DE CARRIERE | C13: AECPP | D13: calcaire | E13: Active | F13: Thiès | G13: 15/11/1996 | H13: 09/04/2026 | I13: 1996 | M13: 0 — NON
A14: 02014 | B14: SENEGAL MINES | C14: CM | D14: Argile, attapulgite | E14: Avertissement Renouvellement | F14: Thiès | G14: 26/05/1988 | H14: 26/05/2013 | I14: 1988 | M14: 0 — NON
A15: 02015 | B15: INDUSTRIES CHIMIQUES DU SENEGAL | C15: CM | D15: phosphate de chaux | E15: Active | F15: Thiès | G15: 16/10/2009 | H15: 19/10/2024 | I15: 2009 | M15: 0 — NON
A16: 02016 | B16: INDUSTRIES CHIMIQUES DU SENEGAL | C16: CM | D16: phosphate de chaux | E16: Renouvellement en Cours | F16: Thiès | G16: 19/10/1999 | H16: 18/10/2024 | I16: 1999 | M16: 0 — NON
A17: 02017 | B17: CIMENTS DU SAHEL | C17: CM | D17: calcaire | E17: Active | F17: Thiès | G17: 22/02/2000 | H17: 21/02/2025 | I17: 2000 | J17: LES CIMENTS DU SAHEL | K17: 88.9 | L17: 2021 | M17: 1 — OUI
A18: 02018 | B18: CIMENTS DU SAHEL | C18: CM | D18: Argile | E18: Active | F18: Thiès | G18: 16/10/2009 | H18: 22/02/2025 | I18: 2009 | J18: LES CIMENTS DU SAHEL | K18: 88.9 | L18: 2021 | M18: 1 — OUI
A19: 02019 | B19: SOCIETE DE RECHERCHE ET DE DEVELOPPEMENT DES MINES SA (SORED-MINES) | C19: CM | D19: Au, substance connexes | E19: Renouvellement en Cours | F19: Kedougou | G19: 02/11/2007 | H19: 02/11/2017 | I19: 2007 | M19: 0 — NON
A20: 02022 | B20: SABODALA GOLD OPERATIONS SA (SGO) | C20: CM | D20: Au | E20: Active | F20: Kedougou | G20: 09/06/2005 | H20: 21/04/2040 | I20: 2005 | J20: SABODALA GOLD OPERATIONS | K20: 92.3 | L20: 2022 | M20: 1 — OUI
A21: 02024 | B21: GECAMINES.SA | C21: AECPP | D21: calcaire | E21: Active | F21: Thiès | G21: 09/09/2010 | H21: 12/05/2026 | I21: 2010 | M21: 0 — NON
A22: 02025 | B22: SOCIETE DE COMMERCIALISATION DU CIMENT (SOCOCIM) INDUSTRIES | C22: CM | D22: calcaire | E22: Active | F22: Dakar | G22: 16/10/2009 | H22: 19/04/2031 | I22: 2009 | M22: 0 — NON
A23: 02026 | B23: SOCIETE DE COMMERCIALISATION DU CIMENT (SOCOCIM) INDUSTRIES | C23: CM | D23: calcaire | E23: Active | F23: Thiès | G23: 19/04/2006 | H23: 19/04/2033 | I23: 2006 | M23: 0 — NON
A24: 02027 | B24: SOCIETE DE COMMERCIALISATION DU CIMENT (SOCOCIM) INDUSTRIES | C24: CM | D24: calcaire | E24: Active | F24: Thiès | G24: 19/04/2006 | H24: 18/04/2031 | I24: 2006 | M24: 0 — NON
A25: 02028 | B25: GRANDE COTE OPERATIONS SA | C25: CM | D25: ML | E25: Active | F25: Thiès | G25: 16/10/2009 | H25: 02/11/2032 | I25: 2009 | J25: GRANDE COTE OPERATIONS | K25: 100 | L25: 2021 | M25: 1 — OUI
A26: 02029 | B26: LIBASSE NIANG | C26: AECPP | D26: grès | E26: Renouvellement en Cours | F26: Thiès | G26: 03/11/2006 | H26: 10/04/2021 | I26: 2006 | M26: 0 — NON
A27: 02034 | B27: DANGOTE INDUSTRIES SENEGAL SA | C27: CM | D27: argile industrielle, calcaire, latérite | E27: Active | F27: Thiès | G27: 12/12/2008 | H27: 11/12/2033 | I27: 2008 | M27: 0 — NON
A28: 02035 | B28: COMPAGNIE GENERALE D'EXPLOITATION DE CARRIERE | C28: AECPP | D28: basalte | E28: Active | F28: Thiès | G28: 30/06/2008 | H28: 16/04/2026 | I28: 2008 | M28: 0 — NON
A29: 02036 | B29: CARRIERE ABDOU FATTAH SA | C29: AECPP | D29: calcaire | E29: Active | F29: Thiès | G29: 23/11/2006 | H29: 28/09/2025 | I29: 2006 | M29: 0 — NON
A30: 02037 | B30: COMPAGNIE GENERALE D'EXPLOITATION DE CARRIERE | C30: AECPP | D30: basalte | E30: Active | F30: Thiès | G30: 07/08/2009 | H30: 13/11/2026 | I30: 2009 | M30: 0 — NON
A31: 02041 | B31: COMPAGNIE GENERALE D'EXPLOITATION DE CARRIERE | C31: AECPP | D31: calcaire | E31: Active | F31: Thiès | G31: 07/08/2009 | H31: 07/04/2026 | I31: 2009 | M31: 0 — NON
A32: 02059 | B32: MINING RESEARCH COMPANY S.L | C32: PR | D32: Au | E32: Renouvellement en Cours | F32: Kedougou | G32: 04/02/2019 | H32: 03/02/2023 | I32: 2019 | M32: 0 — NON
A33: 02060 | B33: SYPROM SA | C33: AECPP | D33: grès | E33: Active | F33: Dakar | G33: 20/06/2002 | H33: 22/06/2025 | I33: 2002 | J33: SYPROM | K33: 100 | L33: 2022 | M33: 1 — OUI
A34: 02062 | B34: ENTREPRISE MAPATHE NDIOUCK | C34: AEPM | D34: Sl | E34: Renouvellement en Cours | F34: Thiès | G34: 02/07/2018 | H34: 01/07/2023 | I34: 2018 | M34: 0 — NON
A35: 02063 | B35: DIAKHA GOLD MINES | C35: AEMSM | D35: Au | E35: Avertissement Renouvellement | F35: Kedougou | G35: 29/07/2010 | H35: 02/03/2024 | I35: 2010 | M35: 0 — NON
A36: 02068 | B36: SOCIETE DES MINES DU SENEGAL (SODEMINES) | C36: PR | D36: Au | E36: Renouvellement en Cours | F36: Kedougou | G36: 01/02/2012 | H36: 02/11/2021 | I36: 2012 | J36: SOCIETE DES MINES DU SENEGAL (SODEMINES) | K36: 100 | L36: 2022 | M36: 1 — OUI
A37: 02072 | B37: SOCIETE D'ETUDES ET DE REALISATION DES PHOSPHATES DE MATAM (SERPM) | C37: CM | D37: phosphate de chaux | E37: Active | F37: Matam | G37: 08/06/2011 | H37: 08/06/2036 | I37: 2011 | M37: 0 — NON
A38: 02075 | B38: SERIGNE SALIOU MBACKE SARL | C38: AEPM | D38: Au | E38: Active | F38: Kedougou | G38: 27/01/2012 | H38: 13/01/2028 | I38: 2012 | M38: 0 — NON
A39: 02078 | B39: SOCIETE DES MINES DU SENEGAL (SODEMINES) | C39: PR | D39: Au | E39: Renouvellement en Cours | F39: Kedougou | G39: 22/05/2012 | H39: 02/11/2021 | I39: 2012 | J39: SOCIETE DES MINES DU SENEGAL (SODEMINES) | K39: 100 | L39: 2022 | M39: 1 — OUI
A40: 02079 | B40: GH MINING SARL | C40: PR | D40: Mn | E40: Transformation en Cours | F40: Tambacounda | G40: 10/01/2012 | H40: 27/01/2021 | I40: 2012 | M40: 0 — NON
A41: 02084 | B41: GH MINING SARL | C41: AEPM | D41: Mn | E41: Renouvellement en Cours | F41: Tambacounda | G41: 01/02/2012 | H41: 31/01/2023 | I41: 2012 | M41: 0 — NON
A42: 02085 | B42: SEN-HMC MINING SUARL | C42: AEPM | D42: ML | E42: Active | F42: Saint Louis | G42: 09/01/2019 | H42: 09/01/2029 | I42: 2019 | M42: 0 — NON
A43: 02091 | B43: COMPTOIRE COMMERCIAL DAOUDA DIA SUARL | C43: AECPP | D43: calcaire | E43: Renouvellement en Cours | F43: Louga | G43: 08/02/2018 | H43: 07/02/2023 | I43: 2018 | M43: 0 — NON
A44: 02100 | B44: CAYOR PHOSPHATE MINING SA | C44: PR | D44: phosphate de chaux | E44: Active | F44: Louga | G44: 10/07/2013 | H44: 29/06/2025 | I44: 2013 | M44: 0 — NON
A45: 02104 | B45: SDK MINING SA | C45: PR | D45: Au | E45: Active | F45: Kedougou | G45: 21/11/2013 | H45: 21/11/2025 | I45: 2013 | M45: 0 — NON
A46: 02105 | B46: REPUBLIQUE DU SENEGAL | C46: CO | D46: Au | E46: Active | F46: Tambacounda | G46: 10/02/2014 | I46: 2014 | M46: 0 — NON
A47: 02106 | B47: REPUBLIQUE DU SENEGAL | C47: CO | D47: Au | E47: Active | F47: Tambacounda | G47: 10/02/2014 | I47: 2014 | M47: 0 — NON
A48: 02107 | B48: REPUBLIQUE DU SENEGAL | C48: CO | D48: Au | E48: Active | F48: Tambacounda | G48: 10/02/2014 | I48: 2014 | M48: 0 — NON
A49: 02108 | B49: REPUBLIQUE DU SENEGAL | C49: CO | D49: Au | E49: Active | F49: Kedougou | G49: 10/02/2014 | I49: 2014 | M49: 0 — NON
A50: 02109 | B50: REPUBLIQUE DU SENEGAL | C50: CO | D50: Au | E50: Active | F50: Kedougou | G50: 10/02/2014 | I50: 2014 | M50: 0 — NON
A51: 02110 | B51: REPUBLIQUE DU SENEGAL | C51: CO | D51: Au | E51: Active | F51: Kedougou | G51: 10/02/2014 | I51: 2014 | M51: 0 — NON
A52: 02111 | B52: REPUBLIQUE DU SENEGAL | C52: CO | D52: Au | E52: Active | F52: Kedougou | G52: 10/02/2014 | I52: 2014 | M52: 0 — NON
A53: 02112 | B53: REPUBLIQUE DU SENEGAL | C53: CO | D53: Au | E53: Active | F53: Kedougou | G53: 10/02/2014 | I53: 2014 | M53: 0 — NON
A54: 02113 | B54: REPUBLIQUE DU SENEGAL | C54: CO | D54: Au | E54: Active | F54: Kedougou | G54: 10/02/2014 | I54: 2014 | M54: 0 — NON
A55: 02114 | B55: REPUBLIQUE DU SENEGAL | C55: CO | D55: Au | E55: Active | F55: Kedougou | G55: 10/02/2014 | I55: 2014 | M55: 0 — NON
A56: 02115 | B56: REPUBLIQUE DU SENEGAL | C56: CO | D56: Au | E56: Active | F56: Kedougou | G56: 10/02/2014 | I56: 2014 | M56: 0 — NON
A57: 02116 | B57: REPUBLIQUE DU SENEGAL | C57: CO | D57: Au | E57: Active | F57: Kedougou | G57: 10/02/2014 | I57: 2014 | M57: 0 — NON
... A62: 02121 | B62: REPUBLIQUE DU SENEGAL | C62: CO | D62: Au | E62: Active | F62: Kedougou | G62: 10/02/2014 | I62: 2014 | M62: 0 — NON
A63: 02126 | B63: COMPAGNIE GENERALE D'EXPLOITATION DE CARRIERE | C63: AECPP | D63: basalte | E63: Active | F63: Thiès | G63: 14/11/2016 | H63: 13/11/2026 | I63: 2016 | M63: 0 — NON
A64: 02128 | B64: VAPROM AFRICA SA | C64: AECPP | D64: calcaire | E64: Active | F64: Thiès | G64: 30/05/2017 | H64: 28/05/2027 | I64: 2017 | M64: 0 — NON
A65: 02129 | B65: SOCIETE INDUSTRIELLE ET MINIERE SUARL | C65: AECPP | D65: calcaire | E65: Active | F65: Thiès | G65: 07/10/2014 | H65: 11/05/2025 | I65: 2014 | M65: 0 — NON
A66: 02130 | B66: BOYA SAU | C66: PR | D66: Au | E66: Active | F66: Kedougou | G66: 10/06/2015 | H66: 21/06/2026 | I66: 2015 | J66: BOYA | K66: 100 | L66: 2021 | M66: 1 — OUI
A67: 02133 | B67: ETS/PID | C67: AECPP | D67: calcaire | E67: Active | F67: Thiès | G67: 18/04/2016 | H67: 24/04/2025 | I67: 2016 | M67: 0 — NON
A68: 02135 | B68: LIMETECH SA | C68: AECPP | D68: calcaire | E68: Renouvellement en Cours | F68: Thiès | G68: 19/02/2015 | H68: 18/02/2020 | I68: 2015 | M68: 0 — NON
A69: 02136 | B69: MOM SARL | C69: AECPP | D69: calcaire | E69: Active | F69: Thiès | G69: 19/02/2015 | H69: 18/02/2025 | I69: 2015 | M69: 0 — NON
A70: 02140 | B70: SOCIETE DES TERRES NEUVES SARL | C70: AECPP | D70: calcaire | E70: Renouvellement en Cours | F70: Thiès | G70: 19/02/2015 | H70: 18/02/2020 | I70: 2015 | M70: 0 — NON
A71: 02142 | B71: SOCIETE DE SERVICES, BATIMENT ET COMMERCE INTERNATIONALE 2SBCI SUARL | C71: AECPP | D71: calcaire | E71: Renouvellement en Cours | F71: Thiès | G71: 31/05/2017 | H71: 30/05/2022 | I71: 2017 | M71: 0 — NON
A72: 02143 | B72: CONSORTIUM SENEGALAISE D' INDUSTRIE ET DE COMMERCE | C72: AECPP | D72: basalte | E72: Active | F72: Kedougou | G72: 19/04/2016 | H72: 18/04/2026 | I72: 2016 | M72: 0 — NON
A73: 02144 | B73: SOCIETE DES MINES DE FER DE LA FALEME (MIFERSO) | C73: CM | D73: fer | E73: Active | F73: Kedougou | G73: 16/09/2015 | H73: 16/09/2040 | I73: 2015 | M73: 0 — NON
A74: 02146 | B74: AFRIGOLD SARL (90%) | C74: PE | D74: Au | E74: Active | F74: Kedougou | G74: 01/02/2021 | H74: 31/01/2026 | I74: 2021 | M74: 0 — NON
A75: 02149 | B75: BAOBAB MINING AND CHEMICAL CORP SA | C75: PE | D75: phosphate de chaux | E75: Active | F75: Diourbel | G75: 27/09/2018 | H75: 26/09/2038 | I75: 2018 | M75: 0 — NON
A76: 02152 | B76: MAKABINGUI GOLD OPERATIONS SA (90%) | C76: PE | D76: Au | E76: Active | F76: Kedougou | G76: 13/07/2017 | H76: 12/07/2027 | I76: 2017 | J76: MAKABINGUI GOLD OPERATION | K76: 98 | L76: 2023 | M76: 1 — OUI
A77: 02153 | B77: LES CARRIERES CTG SARL | C77: AECPP | D77: calcaire | E77: Active | F77: Thiès | G77: 31/03/2016 | H77: 29/03/2026 | I77: 2016 | M77: 0 — NON
A78: 02154 | B78: ISLE WORLDWIDE | C78: AEHTR | D78: Sl | E78: Renouvellement en Cours | F78: Thiès | G78: 06/04/2016 | H78: 05/04/2021 | I78: 2016 | M78: 0 — NON
A79: 02155 | B79: PETOWAL MINING COMPANY (PMC) SA | C79: CM | D79: Au | E79: Active | F79: Kedougou | G79: 14/07/2016 | H79: 14/07/2031 | I79: 2016 | M79: 0 — NON
A80: 02158 | B80: GIE SINING KANG | C80: AEMSM | D80: Au | E80: Active | F80: Kedougou | G80: 12/01/2010 | H80: 09/05/2024 | I80: 2010 | M80: 0 — NON
A81: 02159 | B81: SOCIETE CIVILE IMMOBILIERE S.C.I.D.D | C81: AECPP | D81: basalte | E81: Active | F81: Thiès | G81: 26/07/2018 | H81: 15/08/2027 | I81: 2018 | M81: 0 — NON
A82: 02160 | B82: ENTREPRISE GENERALE D'EQUIPEMENT SARL | C82: AECPP | D82: calcaire | E82: Active | F82: Thiès | G82: 20/06/2016 | H82: 19/06/2026 | I82: 2016 | M82: 0 — NON
A83: 02161 | B83: URBAINE D'ENTREPRISE | C83: AEHTR | D83: Sl | E83: Renouvellement en Cours | F83: Thiès | G83: 15/02/2016 | H83: 14/02/2021 | I83: 2016 | M83: 0 — NON
A84: 02163 | B84: SWAMI MINES SAU | C84: AEHTR | D84: Sl | E84: Active | F84: Thiès | G84: 22/09/2016 | H84: 21/09/2026 | I84: 2016 | J84: SWANI MINES-SA | K84: 90.9 | L84: 2025 | M84: 1 — OUI
A85: 02165 | B85: AGROMINE SUARL | C85: AECPP | D85: basalte | E85: Active | F85: Thiès | G85: 19/09/2018 | H85: 13/09/2027 | I85: 2018 | M85: 0 — NON
A86: 02166 | B86: SOCIETE DE COMMERCIALISATION DU CIMENT (SOCOCIM) INDUSTRIES | C86: AECPP | D86: calcaire | E86: Active | F86: Thiès | G86: 09/03/2016 | H86: 08/03/2026 | I86: 2016 | M86: 0 — NON
A87: 02167 | B87: BUL FAALE PRODUCTION | C87: AEHTR | D87: Sl | E87: Renouvellement en Cours | F87: Thiès | G87: 15/01/2018 | H87: 14/01/2023 | I87: 2018 | M87: 0 — NON
A88: 02175 | B88: ENTREPRISE MAPATHE NDIOUCK | C88: PR | D88: grès | E88: Renouvellement en Cours | F88: Tambacounda | G88: 22/09/2016 | H88: 21/09/2022 | I88: 2016 | M88: 0 — NON
A89: 02178 | B89: FUTURIS IMMOBILIER | C89: AEHTR | D89: Sl | E89: Active | F89: Thiès | G89: 20/03/2018 | H89: 18/03/2028 | I89: 2018 | M89: 0 — NON
A90: 02180 | B90: WEST AFRICAN TRADING INVESTMENT CONSTRUCTION | C90: PR | D90: Au | E90: Active | F90: Kedougou | G90: 20/03/2018 | H90: 20/03/2025 | I90: 2018 | M90: 0 — NON
A91: 02183 | B91: G.I.E. " LE WOUROUS" | C91: AEMSM | D91: Au | E91: Active | F91: Kedougou | G91: 06/04/2021 | H91: 05/04/2024 | I91: 2021 | M91: 0 — NON
A92: 02184 | B92: MOUHAMED RASSOUL SECK SERVICES | C92: AEHTR | D92: Sl | E92: Active | F92: Thiès | G92: 14/12/2017 | H92: 12/12/2027 | I92: 2017 | M92: 0 — NON
A93: 02185 | B93: SEGIMAR SA | C93: AECPP | D93: marbre | E93: Active | F93: Kedougou | G93: 08/02/2018 | H93: 06/02/2028 | I93: 2018 | M93: 0 — NON
A94: 02188 | B94: ALBINA SENEGAL | C94: AECPP | D94: calcaire | E94: Active | F94: Thiès | G94: 23/07/2018 | H94: 23/07/2028 | I94: 2018 | M94: 0 — NON
A95: 02189 | B95: GIE REBISEN | C95: AEMSM | D95: Au | E95: Renouvellement en Cours | F95: Kedougou | G95: 03/03/2021 | H95: 02/03/2024 | I95: 2021 | M95: 0 — NON
A96: 02190 | B96: GIE KEDOUGOU BISNESS | C96: AEMSM | D96: Au | E96: Renouvellement en Cours | F96: Kedougou | G96: 22/02/2021 | H96: 15/01/2024 | I96: 2021 | M96: 0 — NON
A97: 02191 | B97: SOCIETE SENEGALAISE DES MINES ET CARRIERES | C97: AEHTR | D97: Sl | E97: Active | F97: Thiès | G97: 08/08/2017 | H97: 06/08/2027 | I97: 2017 | M97: 0 — NON
A98: 02195 | B98: SOCIETE DE CONCASSAGE ET DE BETON SARL | C98: AEHTR | D98: Sl | E98: Active | F98: Thiès | G98: 22/06/2017 | H98: 20/06/2027 | I98: 2017 | J98: SOCIETE DE CONCASSAGE ET DE BETON | K98: 100 | L98: 2022 | M98: 1 — OUI
A99: 02199 | B99: BB FIRST COMMODITY HOLDING LTD | C99: PR | D99: Au | E99: Active | F99: Tambacounda | G99: 15/01/2018 | H99: 14/01/2025 | I99: 2018 | J99: BB FIRST COMMODITY HOLDING LTD | K99: 100 | L99: 2022 | M99: 1 — OUI
A100: 02200 | B100: SABODALA MINING COMPANY | C100: PR | D100: Au, substances connexes | E100: Active | F100: Kedougou | G100: 20/04/2018 | H100: 20/04/2028 | I100: 2018 | J100: SABODALA MINING COMPANY SARL | K100: 100 | L100: 2023 | M100: 1 — OUI
A101: 02203 | B101: TRIYANGS INTERNATIONAL MINING GROUP SA | C101: PR | D101: Au, substances connexes | E101: Active | F101: Kedougou | G101: 20/03/2018 | H101: 20/03/2025 | I101: 2018 | J101: TRIYANGS INTERNATIONAL MINING GROUP | K101: 100 | L101: 2021 | M101: 1 — OUI
A102: 02204 | B102: ENTREPRISE GENERALE D'ELECTRICITE | C102: AEHTR | D102: sable de dune | E102: Renouvellement en Cours | F102: Thiès | G102: 20/04/2018 | H102: 19/04/2023 | I102: 2018 | M102: 0 — NON
A103: 02207 | B103: G-PHOS S.A.U | C103: PE | D103: phosphate de chaux | E103: Active | F103: Thiès | G103: 16/01/2019 | H103: 16/01/2044 | I103: 2019 | M103: 0 — NON
A104: 02208 | B104: MANDINGA RESOURCES SARL | C104: PR | D104: substances connexes, uranium | E104: Renouvellement en Cours | F104: Kedougou | G104: 05/06/2018 | H104: 05/06/2025 | I104: 2018 | J104: MANDINGA RESOURCES | K104: 100 | L104: 2022 | M104: 1 — OUI
...

Sheet Permis
A1: Code | B1: Nom | C1: Parties | D1: Juridiction | E1: Type | F1: Substances | G1: Statut | H1: Région | I1: Demande faite | J1: Octroyé | K1: Expire le | L1: Renouvelé | M1: superficie
A2: 02231 | B2: Taiba | C2: AFRICA TRADE AND INVESTMENT CONSULTING SARL | D2: Sénégal | E2: AEHTR | F2: Sl | G2: Active | H2: Thiès | I2: 43165 | J2: 43229 | K2: 46881 | L2: 45055 | M2: 0.0795 Ha
A3: 03563 | B3: KIDIRA | C3: AFRICA TRADE AND INVESTMENT CONSULTING SARL | D3: Sénégal | E3: AECPP | F3: basalte | G3: Active | H3: Tambacounda | I3: 44215 | J3: 44862 | K3: 46687 | M3: 34.7200 Ha
A4: 03831 | C4: AFRICA TRADE AND INVESTMENT CONSULTING SARL | D4: Sénégal | E4: AECPP | F4: basalte | G4: Active | H4: Thiès | I4: 45085 | J4: 45184 | K4: 47010 | M4: 30.0634 Ha
A5: 04124 | C5: SURVEY SERVICES SUARL | D5: Sénégal | E5: AEMSM | F5: Au | G5: Active | H5: Kedougou | I5: 45316 | J5: 45329 | K5: 46424 | M5: 49.9886 Ha
A6: 03785 | C6: 3T SARL | D6: Sénégal | E6: AEMSM | F6: Au | G6: Active | H6: Kedougou | I6: 45083 | J6: 45090 | K6: 46185 | M6: 49.6480 Ha
A7: 03608 | B7: GUETIE | C7: ABANDOUR GEOLINK | D7: Sénégal | E7: PR | F7: Cu | G7: Active | H7: Tambacounda | I7: 44127 | J7: 44747 | K7: 46208 | M7: 95.0099 km²
A8: 03346 | B8: ICS MBORO | C8: ADAMA UNIVERSAL IMMOBILIER ET AFFAIRES | D8: Sénégal | E8: AEHTR | F8: Sl | G8: Active | H8: Thiès | I8: 44455 | J8: 44476 | K8: 46301
A9: 03492 | B9: ICS | C9: ADICO SARL | D9: Sénégal | E9: AEHTR | F9: Sl | G9: Active | H9: Thiès | I9: 44781 | J9: 44811 | K9: 46636
A10: 04410 | C10: ADICO SARL | D10: Sénégal | E10: AECPT | F10: sable de dune | G10: Active | H10: Thiès | I10: 45850.398 | J10: 45957 | K10: 46321 | M10: 1.8545 Ha
A11: 04252 | B11: BARIBARIE 1 | C11: AFG RESSOURCES | D11: Sénégal | E11: PR | F11: Li | G11: Active | H11: Kedougou | I11: 44841 | J11: 44959 | K11: 46419 | M11: 98.9681 km²
A12: 04063 | C12: AFRICA GLOBAL GEOINGENIERIE SARL | D12: Sénégal | E12: AEMSM | F12: Au | G12: Active | H12: Kedougou | I12: 45098 | J12: 45289 | K12: 46384 | M12: 49.3027 Ha
A13: 04342 | C13: AFRICA SERVICES GROUP SUARL | D13: Sénégal | E13: AECPT | F13: sable de dune | G13: Active | H13: Dakar | I13: 45805 | J13: 45807 | K13: 46171 | M13: 2.4073 Ha
A14: 04393 | C14: AFRICA SERVICES GROUP SUARL | D14: Sénégal | E14: AECPT | F14: sable de dune | G14: Active | H14: Dakar | I14: 45972.643 | J14: 45989 | K14: 46353 | M14: 1.8200 Ha
A15: 03507 | C15: AFRICA TRADING EQUIPEMENT CONSTRUCTION SUARL | D15: Sénégal | E15: AEHTR | F15: Sl | G15: Active | H15: Thiès | I15: 44447 | J15: 44608 | K15: 46433
A16: 04267 | C16: AFRICAN BUILDERS SARL | D16: Sénégal | E16: AECPP | F16: Argile, latérite | G16: Active | H16: Thiès | I16: 45047 | J16: 45090 | K16: 46916 | M16: 48.6722 Ha
A17: 02146 | B17: KARAKAENA | C17: AFRIGOLD SARL | D17: Sénégal | E17: PE | F17: Au | G17: Active | H17: Kedougou | I17: 42097 | J17: 44228 | K17: 46053 | M17: 38.6940 km²
A18: 03855 | B18: Kéniéba | C18: AFRIK'MINES SUARL | D18: Sénégal | E18: AEPM | F18: Au | G18: Active | H18: Tambacounda | I18: 45098 | J18: 45145 | K18: 46971 | M18: 4.9545 km²
A19: 04066 | C19: AFRIK'MINES SUARL | D19: Sénégal | E19: AEPM | F19: Mn | G19: Active | H19: Tambacounda | I19: 45099 | J19: 45308 | K19: 47134 | M19: 4.9978 km²
A20: 04248 | B20: Kolia | C20: AFRIQUE MINES COMPANY PLUS | D20: Sénégal | E20: AEMSM | F20: Au | G20: Active | H20: Kedougou | I20: 44998 | J20: 45099 | K20: 46194 | M20: 45.6814 Ha
A21: 02215 | B21: NOUMOUFOUKHA | C21: AGEM | D21: Sénégal | E21: PR | F21: Au, substances connexes | G21: Active | H21: Kedougou | I21: 43038 | J21: 43256 | K21: 45813 | M21: 60.0113 km²
A22: DPR22102018 | B22: DAORALA | C22: AGEM EXPLORATION SENEGAL | D22: Sénégal | E22: PR | F22: Au | G22: Active | H22: Kedougou | I22: 44252 | J22: 44405 | K22: 45865 | M22: 83.4261 km²
A23: 02165 | B23: Pout | C23: AGROMINE SUARL | D23: Sénégal | E23: AECPP | F23: basalte | G23: Active | H23: Thiès | I23: 42422 | J23: 43362 | K23: 46643 | L23: 44818 | M23: 38.5224 Ha
A24: 02273 | B24: LAMBAYE | C24: AGROMINE SUARL | D24: Sénégal | E24: PR | F24: phosphate de chaux | G24: Renouvellement en Cours | H24: Diourbel | I24: 43357 | J24: 43496 | K24: 46053 | M24: 421.8438 km²
A25: 04268 | B25: MAMANKANTI | C25: AIR DYNAMICS SOLUTIONS SENEGAL | D25: Sénégal | E25: PR | F25: Au | G25: Active | H25: Kedougou | I25: 45369 | J25: 45380 | K25: 46840 | M25: 18.6813 km²
A26: 03672 | C26: AL JABER BTP SAU | D26: Sénégal | E26: AEHTR | F26: Sl | G26: Active | H26: Thiès | I26: 44834 | J26: 44957 | K26: 46782
A27: 02188 | C27: ALBINA SENEGAL | D27: Sénégal | E27: AECPP | F27: calcaire | G27: Active | H27: Thiès | I27: 42786 | J27: 43304 | K27: 46957 | M27: 15.0505 Ha
A28: 03864 | B28: Périmètre 2 | C28: ALIM GOLD SARL | D28: Sénégal | E28: AEMSM | F28: Au | G28: Active | H28: Kedougou | I28: 45152 | J28: 45194 | K28: 46289 | M28: 43.9332 Ha
A29: 04090 | B29: Périmètre 3 | C29: ALIM GOLD SARL | D29: Sénégal | E29: AEMSM | F29: Au | G29: Active | H29: Kedougou | I29: 45306 | J29: 45349 | K29: 46444 | M29: 49.5800 Ha
A30: 03452 | B30: ICS | C30: ALWAR PRODUCTION GROUP | D30: Sénégal | E30: AEHTR | F30: Sl | G30: Active | I30: 44357 | J30: 44614 | K30: 46439
A31: 04395 | C31: AMAFRIQUE SENEGAL | D31: Sénégal | E31: AP | F31: phosphate de chaux | G31: Active | H31: Matam | I31: 45973.532 | J31: 46113 | K31: 46295 | M31: 4.9794 km²
A32: 03424 | B32: ICS | C32: AMATH NDIAYE INTERNATIONALE PRESTIGE SUARL | D32: Sénégal | E32: AEHTR | F32: Sl | G32: Active | H32: Thiès | I32: 44532 | J32: 44594 | K32: 46419
A33: 03925 | C33: AMCI GOLD MINE SARL | D33: Sénégal | E33: AEMSM | F33: Au | G33: Active | H33: Tambacounda | I33: 45117 | J33: 45121 | K33: 46216 | M33: 49.3363 Ha
A34: 03971 | B34: Périmètre 2 | C34: AMCI GOLD MINE SARL | D34: Sénégal | E34: AEMSM | F34: Au | G34: Active | H34: Tambacounda | I34: 45117 | J34: 45121 | K34: 46216 | M34: 48.7346 Ha
A35: 03973 | B35: Périmètre 4 | C35: AMCI GOLD MINE SARL | D35: Sénégal | E35: AEMSM | F35: Au | G35: Active | H35: Tambacounda | I35: 45117 | J35: 45121 | K35: 46216 | M35: 49.9278 Ha
A36: 03751 | B36: Périmètre 3 | C36: AMCI GOLD MINE SARL | D36: Sénégal | E36: AEMSM | F36: Au | G36: Active | H36: Kedougou | I36: 45029 | J36: 45090 | K36: 46185 | M36: 38.7250 Ha
A37: 03921 | B37: Périmètre 4 | C37: AMFICI GOLD | D37: Sénégal | E37: AEMSM | F37: Au | G37: Active | H37: Kedougou | I37: 45190 | J37: 45196 | K37: 46291 | M37: 38.7200 Ha
A38: 03922 | B38: Périmètre 3 | C38: AMFICI GOLD | D38: Sénégal | E38: AEMSM | F38: Au | G38: Active | H38: Kedougou | I38: 45190 | J38: 45196 | K38: 46291 | M38: 35.0200 Ha
A39: 03264 | B39: Packi | C39: AMIN TRANS SUARL | D39: Sénégal | E39: AECPP | F39: grès, latérite | G39: Active | H39: Thiès | I39: 44379 | J39: 44439 | K39: 46264 | M39: 1.9792 Ha
A40: 03347 | B40: ICS MBORO | C40: AMIN TRANS SUARL | D40: Sénégal | E40: AEHTR | F40: Sl | G40: Active | H40: Thiès | I40: 44404 | J40: 44172 | K40: 45997
A41: 03970 | B41: Périmètre 1 | C41: AMMSA GROUP AFRICA . SA | D41: Sénégal | E41: AEMSM | F41: Au | G41: Active | H41: Kedougou | I41: 45217 | J41: 45236 | K41: 46331 | M41: 49.9200 Ha
A42: 04021 | C42: AMMSA GROUP AFRICA . SA | D42: Sénégal | E42: AEMSM | F42: Au | G42: Active | H42: Kedougou | I42: 45240 | J42: 45267 | K42: 46362 | M42: 48.4600 Ha
A43: 04094 | B43: Périmètre 4 | C43: AMMSA GROUP AFRICA . SA | D43: Sénégal | E43: AEMSM | F43: Au | G43: Active | H43: Kedougou | I43: 45217 | J43: 45287 | K43: 46382 | M43: 49.7060 Ha
A44: 03489 | B44: Bandia | C44: APSA MINES SA | D44: Sénégal | E44: AECPP | F44: calcaire | G44: Active | H44: Thiès | I44: 40765 | J44: 41143 | K44: 46619 | L44: 44794 | M44: 20.0270 Ha
A45: 02322 | B45: Tombo | C45: ARDIMINES | D45: Sénégal | E45: PR | F45: Au | G45: Active | H45: Kedougou | I45: 43833 | J45: 43510 | K45: 47162 | M45: 18.9029 km²
A46: 03588 | B46: Bélé | C46: AREZKI S.A | D46: Sénégal | E46: AECPP | F46: basalte | G46: Active | H46: Tambacounda | I46: 44284 | J46: 44462 | K46: 46287 | M46: 17.7650 Ha
A47: 03054 | C47: AZ SERVICES SARL | D47: Sénégal | E47: AECPP | F47: basalte | G47: Active | H47: Kedougou | I47: 43816 | J47: 44315 | K47: 46140 | M47: 50.0002 Ha
A48: 04179 | B48: Chérif Lo | C48: BA MAMADOU | D48: Sénégal | E48: AECPT | F48: latérite | G48: Active | H48: Thiès | I48: 45357 | J48: 45358 | K48: 45722 | M48: 14.8166 Ha
A49: 02238 | C49: BABJUF MINES | D49: Sénégal | E49: AEHTR | F49: Sl | G49: Active | H49: Thiès | I49: 43208 | J49: 43256 | K49: 46907 | L49: 45082 | M49: 0.0910 Ha
A50: 02222 | B50: Bambadji | C50: BAMBADJI SA | D50: Sénégal | E50: PR | F50: Au, Cu | G50: Active | H50: Kedougou | I50: 43102 | J50: 43256 | K50: 46908 | M50: 129.5913 km²
A51: 04127 | B51: FARABA | C51: BAMBOUK EXPLORATION SARL | D51: Sénégal | E51: PR | F51: Au | G51: Active | H51: Kedougou | I51: 45048 | J51: 45324 | K51: 46784 | M51: 677.9946 km²
A52: 02289 | B52: SANGOLA | C52: BAMBUK MINERALS | D52: Sénégal | E52: PR | F52: Au | G52: Active | H52: Kedougou | I52: 43455 | J52: 43623 | K52: 46180 | M52: 287.7772 km²
A53: 03219 | C53: BANDESERVICES | D53: Sénégal | E53: AECPP | F53: grès | G53: Active | H53: Kedougou | I53: 44070 | J53: 44357 | K53: 46182 | M53: 27.9553 Ha
A54: 04308 | C54: BAOBAB MINERALS SARL | D54: Sénégal | E54: AEPM | F54: phosphate de chaux | G54: Active | H54: Matam | I54: 45377 | J54: 45378 | K54: 47203 | M54: 113.3540 Ha
A55: 02149 | B55: Cherif Lo Ngakham | C55: BAOBAB MINING AND CHEMICAL CORP SA | D55: Sénégal | E55: PE | F55: phosphate de chaux | G55: Active | H55: Diourbel | I55: 42116 | J55: 43370 | K55: 50674 | M55: 74.5280 km²
A56: 03400 | B56: BAMBADJI SUD | C56: BARRICK GOLD SENEGAL SA | D56: Sénégal | E56: PR | F56: Au | G56: Active | H56: Kedougou | I56: 44692 | J56: 44789 | K56: 46249 | M56: 58.2506 km²
A57: 04413 | C57: BASMALA INTERNATIONAL SARL | D57: Sénégal | E57: AP | F57: Au | G57: Active | H57: Kedougou | I57: 45834.778 | J57: 45999 | K57: 46180 | M57: 31.5164 Ha
A58: 03432 | B58: ICS MBORO | C58: BAU | D58: Sénégal | E58: AEHTR | F58: Sl | G58: Active | H58: Thiès | I58: 44537 | J58: 44594 | K58: 46419
A59: 02199 | B59: MADINA FOULBE | C59: BB FIRST COMMODITY HOLDING LTD | D59: Sénégal | E59: PR | F59: Au | G59: Active | H59: Tambacounda | I59: 42921 | J59: 43115 | K59: 45671 | M59: 146.2646 km²
A60: 03228 | C60: BETAMINES SA | D60: Sénégal | E60: PR | F60: basalte, tf | G60: Active | H60: Diourbel | I60: 43833 | J60: 44476 | K60: 45936 | M60: 31.9992 km²
A61: 02339 | B61: Kaourou | C61: BHAIRAVA AGRICOL SARL | D61: Sénégal | E61: PR | F61: Au | G61: Active | H61: Tambacounda | I61: 43969 | J61: 44292 | K61: 45752 | M61: 144.2171 km²
A62: 03743 | B62: LAMINIA | C62: BHAIRAVA AGRICOL SARL | D62: Sénégal | E62: AEPM | F62: Au | G62: Active | H62: Tambacounda | I62: 44795 | J62: 45028 | K62: 46854 | M62: 5.0000 km²
A63: 03683 | B63: Wassangara-moussala | C63: BIGSAM OR SARL | D63: Sénégal | E63: AEMSM | F63: Au | G63: Active | H63: Kedougou | I63: 44019 | J63: 45103 | K63: 46198 | M63: 49.2256 Ha
A64: 04133 | C64: BIJOUTERIE SERIGNE BABACAR SY | D64: Sénégal | E64: AEMSM | F64: Au | G64: Active | H64: Kedougou | I64: 45316 | J64: 45324 | K64: 46419 | M64: 49.7640 Ha
A65: 03709 | B65: Ouest Douta | C65: BIRIMA GOLD RESOURCES | D65: Sénégal | E65: PR | F65: Au | G65: Active | H65: Kedougou | I65: 44648 | J65: 44977 | K65: 46437 | M65: 106.0213 km²
A66: 02280 | B66: BOTO | C66: BOTO SA | D66: Sénégal | E66: PE | F66: Au | G66: Active | H66: Kedougou | I66: 43395 | J66: 43815 | K66: 51119 | M66: 146.8491 km²
A67: 03508 | C67: BOUTA CONSULTING ET SERVICE (GAYE PAPA AL HOUSSEYNOU) | D67: Sénégal | E67: AEHTR | F67: Sl | G67: Active | H67: Thiès | I67: 44666 | J67: 44763 | K67: 46588
A68: 02130 | B68: Diamba Sud | C68: BOYA SAU | D68: Sénégal | E68: PR | F68: Au | G68: Active | H68: Kedougou | I68: 41990 | J68: 42165 | K68: 46194 | M68: 53.4554 km²
A69: 02167 | B69: Taiba | C69: BUL FAALE PRODUCTION | D69: Sénégal | E69: AEHTR | F69: Sl | G69: Renouvellement en Cours | H69: Thiès | I69: 42461 | J69: 43115 | K69: 44940 | M69: 4.8899 Ha
A70: 02367 | B70: KHOSSANTO | C70: CANGAY MINES | D70: Sénégal | E70: PR | F70: Au | G70: Renouvellement en Cours | H70: Kedougou | I70: 44104 | J70: 44119 | K70: 45579 | M70: 13.9581 km²
A71: 02036 | B71: Bandia | C71: CARRIERE ABDOU FATTAH SA | D71: Sénégal | E71: AECPP | F71: calcaire | G71: Active | H71: Thiès | I71: 38679 | J71: 39044 | K71: 45928 | M71: 15.2686 Ha
A72: 03423 | B72: ICS | C72: CASA BAMBA | D72: Sénégal | E72: AEHTR | F72: Sl | G72: Active | H72: Thiès | I72: 44538 | J72: 44642 | K72: 46467
A73: 02100 | B73: KEBEMER | C73: CAYOR PHOSPHATE MINING SA | D73: Sénégal | E73: PR | F73: phosphate de chaux | G73: Active | H73: Louga | I73: 41327 | J73: 41465 | K73: 45837 | M73: 637.4849 km²
A74: A008024 | B74: Paki | C74: CAYORIENNE DES TRANSPORTS, CARRIERES ET TRAVAUX PUBLICS | D74: Sénégal | E74: AECPP | F74: grès | G74: Active | H74: Thiès | I74: 38531 | J74: 39303 | K74: 46202 | M74: 5.0082 Ha
A75: 04196 | B75: ICS/TAIBA | C75: CENTRALE DE MATERIEL ET MATERIAUX SARL | D75: Sénégal | E75: AEHTR | F75: sable de dune | G75: Active | H75: Thiès | I75: 43129 | J75: 45287 | K75: 47113 | M75: 0.0008 km²
A76: A02352 | B76: Bandia | C76: Cheikh KANE | D76: Sénégal | E76: AECPP | F76: calcaire | G76: Renouvellement en Cours | H76: Thiès | I76: 42004 | J76: 42054 | K76: 45706 | L76: 43880 | M76: 15.3955 Ha
A77: 03358 | B77: BONDALA | C77: CHESSER SAU | D77: Sénégal | E77: PR | F77: Au | G77: Active | H77: Kedougou | I77: 43269 | J77: 44623 | K77: 46083 | M77: 207.1757 km²
A78: 03360 | B78: MORICHOU | C78: CHESSER SAU | D78: Sénégal | E78: PR | F78: Au | G78: Active | H78: Tambacounda | I78: 44431 | J78: 44623 | K78: 46083 | M78: 431.2050 km²
A79: 04396 | C79: CHINA HARBOUR ENGINEERING COMPANY SENEGAL SUARL | D79: Sénégal | E79: AECPT | F79: latérite | G79: Active | H79: Sédhiou | I79: 45974.451 | J79: 46013 | K79: 46377 | M79: 4.7181 Ha
A80: 04276 | B80: GNITH | C80: CHINA ROAD AND BRIDGE CORPORATION SENEGAL | D80: Sénégal | E80: AECPT | F80: latérite | G80: Active | H80: Saint Louis | I80: 45433 | J80: 45431 | K80: 46293 | L80: 45796 | M80: 53.5362 Ha
A81: 04278 | B81: GNITH | C81: CHINA ROAD AND BRIDGE CORPORATION SENEGAL | D81: Sénégal | E81: AECPT | F81: latérite | G81: Active | H81: Saint Louis | I81: 45456 | J81: 45431 | K81: 46293 | L81: 45796 | M81: 52.6750 Ha
A82: 04213 | B82: ICS | C82: CHROME SUARL | D82: Sénégal | E82: AEHTR | F82: Sl | G82: Active | H82: Thiès | I82: 45306 | J82: 45366 | K82: 46095
A83: 04227 | B83: Diass | C83: CHROME SUARL | D83: Sénégal | E83: AECPP | F83: grès | G83: Active | H83: Thiès | I83: 45315 | J83: 45373 | K83: 47198 | M83: 3.5290 Ha
A84: 03364 | C84: CILAGE MINE | D84: Sénégal | E84: AEMSM | F84: Au | G84: Active | H84: Kedougou | I84: 44609 | J84: 44614 | K84: 45709 | M84: 41.9329 Ha
A85: 03580 | C85: CILAGE MINE | D85: Sénégal | E85: AEMSM | F85: Au | G85: Active | H85: Kedougou | I85: 44902 | J85: 44922 | K85: 46017 | M85: 49.6984 Ha
A86: 03581 | C86: CILAGE MINE | D86: Sénégal | E86: AEMSM | F86: Au | G86: Active | H86: Kedougou | I86: 44902 | J86: 44908 | K86: 46003 | M86: 49.9018 Ha
A87: 03618 | C87: CILAGE MINE | D87: Sénégal | E87: AEMSM | F87: Au | G87: Active | H87: Kedougou | I87: 44902 | J87: 44908 | K87: 46003 | M87: 50.0000 Ha
A88: 03658 | B88: périmètre 2 | C88: CILAGE MINE | D88: Sénégal | E88: AEMSM | F88: Au | G88: Active | H88: Kedougou | I88: 44972 | J88: 45028 | K88: 46123 | M88: 35.4414 Ha
A89: 03659 | B89: périmètre 3 | C89: CILAGE MINE | D89: Sénégal | E89: AEMSM | F89: Au | G89: Active | H89: Kedougou | I89: 44972 | J89: 45028 | K89: 46123 | M89: 44.3000 Ha
A90: 03669 | B90: Périmètre 1 | C90: CILAGE MINE | D90: Sénégal | E90: AEMSM | F90: Au | G90: Active | H90: Kedougou | I90: 44972 | J90: 45028 | K90: 46123 | M90: 49.8270 Ha
A91: 03387 | B91: Périmètre 2 | C91: CILAGE MINE SUARL | D91: Sénégal | E91: AEMSM | F91: Au | G91: Active | H91: Kedougou | I91: 44662 | J91: 44736 | K91: 45831 | M91: 14.8837 Ha
A92: 03389 | B92: Périmètre 1 | C92: CILAGE MINE SUARL | D92: Sénégal | E92: AEMSM | F92: Au | G92: Active | H92: Kedougou | I92: 44662 | J92: 44736 | K92: 45831 | M92: 15.1226 Ha
A93: 03421 | B93: Périmètre 3 | C93: CILAGE MINE SUARL | D93: Sénégal | E93: AEMSM | F93: Au | G93: Active | H93: Kedougou | I93: 44662 | J93: 44736 | K93: 45831 | M93: 22.4300 Ha
A94: 02369 | B94: POUT | C94: CIMENTS DE L'AFRIQUE | D94: Sénégal | E94: AECPP | F94: calcaire | G94: Active | H94: Thiès | I94: 44106 | J94: 44279 | K94: 46104 | M94: 277.3672 Ha
A95: 03836 | B95: POUT | C95: CIMENTS DE L'AFRIQUE | D95: Sénégal | E95: PE | F95: calcaire, substance connexes | G95: Active | H95: Thiès | I95: 44640 | J95: 44712 | K95: 52016 | M95: 8.5900 km²
A96: 02017 | B96: Kirène | C96: CIMENTS DU SAHEL | D96: Sénégal | E96: CM | F96: calcaire | G96: Active | H96: Thiès | I96: 36285 | J96: 36578 | K96: 45709 | M96: 586.2024 Ha
A97: 02018 | B97: D2000-106 Thicky | C97: CIMENTS DU SAHEL | D97: Sénégal | E97: CM | F97: Argile | G97: Active | H97: Thiès | I97: 36285 | J97: 40102 | K97: 45710 | M97: 1.9998 km²
A98: 04285 | B98: TASSETTE | C98: CK CARRIERE | D98: Sénégal | E98: AECPP | F98: basalte | G98: Active | H98: Thiès | I98: 44636 | J98: 45334 | K98: 47160 | M98: 20.2251 Ha
A99: A018463 | B99: TAIBA | C99: CK CARRIRES SA | D99: Sénégal | E99: AEHTR | F99: Sl | G99: Active | H99: Thiès | I99: 42368 | J99: 44762 | K99: 46587 | M99: 0.0003 km²
A100: 04360 | C100: COMMUNE DE BOKHOL | D100: Sénégal | E100: AECPubT | G100: Active | H100: Saint Louis | I100: 45688 | J100: 45737 | K100: 46101 | M100: 7.3698 Ha
...

Sheet Sous-traitant
A1: Entreprise | B1: Colonne1 | C1: Email | D1: Profile | E1: Pays
A2: CHEIKH FALL | B2: =UPPER(Tableau3[[#This Row],[Entreprise]]) -> CHEIKH FALL | C2: cheikhomar2003@yahoo.fr | D2: Sous-traitants | E2: Sénégal
A3: FORADRILL-SENEGAL | B3: =UPPER(Tableau3[[#This Row],[Entreprise]]) -> FORADRILL-SENEGAL | C3: ghazmohamad@yahoo.fr | D3: Sous-traitants | E3: Sénégal
A4: AMS Senegal SUARL | B4: =UPPER(Tableau3[[#This Row],[Entreprise]]) -> AMS SENEGAL SUARL | C4: amssenegal@outlook.com | D4: Sous-traitants | E4: Sénégal
A5: African Underground Mining Services Senegal SUARL | B5: =UPPER(Tableau3[[#This Row],[Entreprise]]) -> AFRICAN UNDERGROUND MINING SERVICES SENEGAL SUARL | C5: mark.mclaskey@amsgh.com | D5: Sous-traitants | E5: Sénégal
A6: KEKENDO AFRICA ENGINEERING | B6: =UPPER(Tableau3[[#This Row],[Entreprise]]) -> KEKENDO AFRICA ENGINEERING | C6: kagny.lamine@kekendoafricapoly.com | D6: Sous-traitants | E6: Sénégal
A7: CORICA MINING SERVICES SARL | B7: =UPPER(Tableau3[[#This Row],[Entreprise]]) -> CORICA MINING SERVICES SARL | C7: abdoulaye.diallo@corica.com | D7: Sous-traitants | E7: Sénégal
A8: CHALLENGE 2000 SARL | B8: =UPPER(Tableau3[[#This Row],[Entreprise]]) -> CHALLENGE 2000 SARL | C8: lamine.diagne@challenge2000.sn | D8: Sous-traitants | E8: Sénégal
A9: EIFFAGE SENEGAL SAS | B9: =UPPER(Tableau3[[#This Row],[Entreprise]]) -> EIFFAGE SENEGAL SAS | C9: dame.sene@eiffage.com | D9: Sous-traitants | E9: Sénégal
A10: GLOBAL AFRICINVEST | B10: =UPPER(Tableau3[[#This Row],[Entreprise]]) -> GLOBAL AFRICINVEST | C10: lamine.globalai@gmail.com | D10: Sous-traitants | E10: Sénégal
A11: MCI SENEGAL SAS | B11: =UPPER(Tableau3[[#This Row],[Entreprise]]) -> MCI SENEGAL SAS | C11: gaelle.ndiaye@mci-int.com | D11: Sous-traitants | E11: Sénégal
A12: Africa Power Services Senegal | B12: =UPPER(Tableau3[[#This Row],[Entreprise]]) -> AFRICA POWER SERVICES SENEGAL | C12: juridique@delmasip.com | D12: Sous-traitants | E12: Sénégal
A13: Lycopodium Minerals Canada LTD | B13: =UPPER(Tableau3[[#This Row],[Entreprise]]) -> LYCOPODIUM MINERALS CANADA LTD | C13: khuram.mushtaq@lycopodium.com | D13: Sous-traitants | E13: Canada
... A42: CJ ICM LOGISTICS BELGIUM BV | B42: =UPPER(Tableau3[[#This Row],[Entreprise]]) -> CJ ICM LOGISTICS BELGIUM BV | C42: ilidia.rocha@cj-icm.com | D42: Sous-traitants | E42: Belgique

Sheet Merge
A1: Code | B1: Nom | C1: Parties | D1: Déclare | E1: Profile | F1: Juridiction | G1: Contact | H1: Type | I1: Substances | J1: Statut | K1: Région | L1: Demande faite | M1: Octroyé | N1: Expire le | O1: Renouvelé | P1: superficie
A2: 02231 | B2: Taiba | C2: AFRICA TRADE AND INVESTMENT CONSULTING SARL | D2: =IF(COUNTIF(RBE!$C$1:$C$629,A2)>0,"Existe","Absent") -> Absent | E2: Permis | F2: Sénégal | H2: AEHTR | I2: Sl | J2: Active | K2: Thiès | L2: 43165 | M2: 43229 | N2: 46881 | O2: 45055 | P2: 0.0795 Ha
A3: 03563 | B3: KIDIRA | C3: AFRICA TRADE AND INVESTMENT CONSULTING SARL (100%) | D3: =IF(COUNTIF(RBE!$C$1:$C$629,A3)>0,"Existe","Absent") -> Absent | E3: Permis | F3: Sénégal | H3: AECPP | I3: basalte | J3: Active | K3: Tambacounda | L3: 44215 | M3: 44862 | N3: 46687 | P3: 34.7200 Ha
A4: 03831 | C4: AFRICA TRADE AND INVESTMENT CONSULTING SARL (100%) | D4: =IF(COUNTIF(RBE!$C$1:$C$629,A4)>0,"Existe","Absent") -> Absent | E4: Permis | F4: Sénégal | H4: AECPP | I4: basalte | J4: Active | K4: Thiès | L4: 45085 | M4: 45184 | N4: 47010 | P4: 30.0634 Ha
A5: 04124 | C5: SURVEY SERVICES SUARL | D5: =IF(COUNTIF(RBE!$C$1:$C$629,A5)>0,"Existe","Absent") -> Absent | E5: Permis | F5: Sénégal | H5: AEMSM | I5: Au | J5: Active | K5: Kedougou | L5: 45316 | M5: 45329 | N5: 46424 | P5: 49.9886 Ha
A6: 03785 | C6: 3T SARL (100%) | D6: =IF(COUNTIF(RBE!$C$1:$C$629,A6)>0,"Existe","Absent") -> Absent | E6: Permis | F6: Sénégal | H6: AEMSM | I6: Au | J6: Active | K6: Kedougou | L6: 45083 | M6: 45090 | N6: 46185 | P6: 49.6480 Ha
A7: 03608 | B7: GUETIE | C7: ABANDOUR GEOLINK (100%) | D7: =IF(COUNTIF(RBE!$C$1:$C$629,A7)>0,"Existe","Absent") -> Absent | E7: Permis | F7: Sénégal | H7: PR | I7: Cu | J7: Active | K7: Tambacounda | L7: 44127 | M7: 44747 | N7: 46208 | P7: 95.0099 km²
A8: 03346 | B8: ICS MBORO | C8: ADAMA UNIVERSAL IMMOBILIER ET AFFAIRES (100%) | D8: =IF(COUNTIF(RBE!$C$1:$C$629,A8)>0,"Existe","Absent") -> Absent | E8: Permis | F8: Sénégal | H8: AEHTR | I8: Sl | J8: Active | K8: Thiès | L8: 44455 | M8: 44476 | N8: 46301
A9: 03492 | B9: ICS | C9: ADICO SARL (100%) | D9: =IF(COUNTIF(RBE!$C$1:$C$629,A9)>0,"Existe","Absent") -> Absent | E9: Permis | F9: Sénégal | H9: AEHTR | I9: Sl | J9: Active | K9: Thiès | L9: 44781 | M9: 44811 | N9: 46636
A10: 04410 | C10: ADICO SARL (100%) | D10: =IF(COUNTIF(RBE!$C$1:$C$629,A10)>0,"Existe","Absent") -> Absent | E10: Permis | F10: Sénégal | H10: AECPT | I10: sable de dune | J10: Active | K10: Thiès | L10: 45850.398 | M10: 45957 | N10: 46321 | P10: 1.8545 Ha
A11: 04252 | B11: BARIBARIE 1 | C11: AFG RESSOURCES (100%) | D11: =IF(COUNTIF(RBE!$C$1:$C$629,A11)>0,"Existe","Absent") -> Absent | E11: Permis | F11: Sénégal | H11: PR | I11: Li | J11: Active | K11: Kedougou | L11: 44841 | M11: 44959 | N11: 46419 | P11: 98.9681 km²
A12: 04063 | C12: AFRICA GLOBAL GEOINGENIERIE SARL | D12: =IF(COUNTIF(RBE!$C$1:$C$629,A12)>0,"Existe","Absent") -> Absent | E12: Permis | F12: Sénégal | H12: AEMSM | I12: Au | J12: Active | K12: Kedougou | L12: 45098 | M12: 45289 | N12: 46384 | P12: 49.3027 Ha
A13: 04342 | C13: AFRICA SERVICES GROUP SUARL (100%) | D13: =IF(COUNTIF(RBE!$C$1:$C$629,A13)>0,"Existe","Absent") -> Absent | E13: Permis | F13: Sénégal | H13: AECPT | I13: sable de dune | J13: Active | K13: Dakar | L13: 45805 | M13: 45807 | N13: 46171 | P13: 2.4073 Ha
A14: 04393 | C14: AFRICA SERVICES GROUP SUARL (100%) | D14: =IF(COUNTIF(RBE!$C$1:$C$629,A14)>0,"Existe","Absent") -> Absent | E14: Permis | F14: Sénégal | H14: AECPT | I14: sable de dune | J14: Active | K14: Dakar | L14: 45972.643 | M14: 45989 | N14: 46353 | P14: 1.8200 Ha
A15: 03507 | C15: AFRICA TRADING EQUIPEMENT CONSTRUCTION SUARL (100%) | D15: =IF(COUNTIF(RBE!$C$1:$C$629,A15)>0,"Existe","Absent") -> Absent | E15: Permis | F15: Sénégal | H15: AEHTR | I15: Sl | J15: Active | K15: Thiès | L15: 44447 | M15: 44608 | N15: 46433
A16: 04267 | C16: AFRICAN BUILDERS SARL (100%) | D16: =IF(COUNTIF(RBE!$C$1:$C$629,A16)>0,"Existe","Absent") -> Absent | E16: Permis | F16: Sénégal | H16: AECPP | I16: Argile, latérite | J16: Active | K16: Thiès | L16: 45047 | M16: 45090 | N16: 46916 | P16: 48.6722 Ha
A17: 02146 | B17: KARAKAENA | C17: AFRIGOLD SARL (90%) | D17: =IF(COUNTIF(RBE!$C$1:$C$629,A17)>0,"Existe","Absent") -> Absent | E17: Permis | F17: Sénégal | H17: PE | I17: Au | J17: Active | K17: Kedougou | L17: 42097 | M17: 44228 | N17: 46053 | P17: 38.6940 km²
A18: 03855 | B18: Kéniéba | C18: AFRIK'MINES SUARL (100%) | D18: =IF(COUNTIF(RBE!$C$1:$C$629,A18)>0,"Existe","Absent") -> Absent | E18: Permis | F18: Sénégal | H18: AEPM | I18: Au | J18: Active | K18: Tambacounda | L18: 45098 | M18: 45145 | N18: 46971 | P18: 4.9545 km²
A19: 04066 | C19: AFRIK'MINES SUARL (100%) | D19: =IF(COUNTIF(RBE!$C$1:$C$629,A19)>0,"Existe","Absent") -> Absent | E19: Permis | F19: Sénégal | H19: AEPM | I19: Mn | J19: Active | K19: Tambacounda | L19: 45099 | M19: 45308 | N19: 47134 | P19: 4.9978 km²
A20: 04248 | B20: Kolia | C20: AFRIQUE MINES COMPANY PLUS (100%) | D20: =IF(COUNTIF(RBE!$C$1:$C$629,A20)>0,"Existe","Absent") -> Absent | E20: Permis | F20: Sénégal | H20: AEMSM | I20: Au | J20: Active | K20: Kedougou | L20: 44998 | M20: 45099 | N20: 46194 | P20: 45.6814 Ha
A21: 02215 | B21: NOUMOUFOUKHA | C21: AGEM (100%) | D21: =IF(COUNTIF(RBE!$C$1:$C$629,A21)>0,"Existe","Absent") -> Absent | E21: Permis | F21: Sénégal | H21: PR | I21: Au, substances connexes | J21: Active | K21: Kedougou | L21: 43038 | M21: 43256 | N21: 45813 | P21: 60.0113 km²
A22: DPR22102018 | B22: DAORALA | C22: AGEM EXPLORATION SENEGAL (100%) | D22: =IF(COUNTIF(RBE!$C$1:$C$629,A22)>0,"Existe","Absent") -> Absent | E22: Permis | F22: Sénégal | H22: PR | I22: Au | J22: Active | K22: Kedougou | L22: 44252 | M22: 44405 | N22: 45865 | P22: 83.4261 km²
A23: 02165 | B23: Pout | C23: AGROMINE SUARL (100%) | D23: =IF(COUNTIF(RBE!$C$1:$C$629,A23)>0,"Existe","Absent") -> Absent | E23: Permis | F23: Sénégal | H23: AECPP | I23: basalte | J23: Active | K23: Thiès | L23: 42422 | M23: 43362 | N23: 46643 | O23: 44818 | P23: 38.5224 Ha
A24: 02273 | B24: LAMBAYE | C24: AGROMINE SUARL (100%) | D24: =IF(COUNTIF(RBE!$C$1:$C$629,A24)>0,"Existe","Absent") -> Absent | E24: Permis | F24: Sénégal | H24: PR | I24: phosphate de chaux | J24: Renouvellement en Cours | K24: Diourbel | L24: 43357 | M24: 43496 | N24: 46053 | P24: 421.8438 km²
A25: 04268 | B25: MAMANKANTI | C25: AIR DYNAMICS SOLUTIONS SENEGAL (100%) | D25: =IF(COUNTIF(RBE!$C$1:$C$629,A25)>0,"Existe","Absent") -> Absent | E25: Permis | F25: Sénégal | H25: PR | I25: Au | J25: Active | K25: Kedougou | L25: 45369 | M25: 45380 | N25: 46840 | P25: 18.6813 km²
A26: 03672 | C26: AL JABER BTP SAU (100%) | D26: =IF(COUNTIF(RBE!$C$1:$C$629,A26)>0,"Existe","Absent") -> Absent | E26: Permis | F26: Sénégal | H26: AEHTR | I26: Sl | J26: Active | K26: Thiès | L26: 44834 | M26: 44957 | N26: 46782
A27: 02188 | C27: ALBINA SENEGAL (100%) | D27: =IF(COUNTIF(RBE!$C$1:$C$629,A27)>0,"Existe","Absent") -> Absent | E27: Permis | F27: Sénégal | H27: AECPP | I27: calcaire | J27: Active | K27: Thiès | L27: 42786 | M27: 43304 | N27: 46957 | P27: 15.0505 Ha
A28: 03864 | B28: Périmètre 2 | C28: ALIM GOLD SARL (100%) | D28: =IF(COUNTIF(RBE!$C$1:$C$629,A28)>0,"Existe","Absent") -> Absent | E28: Permis | F28: Sénégal | H28: AEMSM | I28: Au | J28: Active | K28: Kedougou | L28: 45152 | M28: 45194 | N28: 46289 | P28: 43.9332 Ha
A29: 04090 | B29: Périmètre 3 | C29: ALIM GOLD SARL (100%) | D29: =IF(COUNTIF(RBE!$C$1:$C$629,A29)>0,"Existe","Absent") -> Absent | E29: Permis | F29: Sénégal | H29: AEMSM | I29: Au | J29: Active | K29: Kedougou | L29: 45306 | M29: 45349 | N29: 46444 | P29: 49.5800 Ha
A30: 03452 | B30: ICS | C30: ALWAR PRODUCTION GROUP (100%) | D30: =IF(COUNTIF(RBE!$C$1:$C$629,A30)>0,"Existe","Absent") -> Absent | E30: Permis | F30: Sénégal | H30: AEHTR | I30: Sl | J30: Active | L30: 44357 | M30: 44614 | N30: 46439
A31: 04395 | C31: AMAFRIQUE SENEGAL (100%) | D31: =IF(COUNTIF(RBE!$C$1:$C$629,A31)>0,"Existe","Absent") -> Absent | E31: Permis | F31: Sénégal | H31: AP | I31: phosphate de chaux | J31: Active | K31: Matam | L31: 45973.532 | M31: 46113 | N31: 46295 | P31: 4.9794 km²
A32: 03424 | B32: ICS | C32: AMATH NDIAYE INTERNATIONALE PRESTIGE SUARL (100%) | D32: =IF(COUNTIF(RBE!$C$1:$C$629,A32)>0,"Existe","Absent") -> Absent | E32: Permis | F32: Sénégal | H32: AEHTR | I32: Sl | J32: Active | K32: Thiès | L32: 44532 | M32: 44594 | N32: 46419
A33: 03925 | C33: AMCI GOLD MINE SARL | D33: =IF(COUNTIF(RBE!$C$1:$C$629,A33)>0,"Existe","Absent") -> Absent | E33: Permis | F33: Sénégal | H33: AEMSM | I33: Au | J33: Active | K33: Tambacounda | L33: 45117 | M33: 45121 | N33: 46216 | P33: 49.3363 Ha
A34: 03971 | B34: Périmètre 2 | C34: AMCI GOLD MINE SARL | D34: =IF(COUNTIF(RBE!$C$1:$C$629,A34)>0,"Existe","Absent") -> Absent | E34: Permis | F34: Sénégal | H34: AEMSM | I34: Au | J34: Active | K34: Tambacounda | L34: 45117 | M34: 45121 | N34: 46216 | P34: 48.7346 Ha
A35: 03973 | B35: Périmètre 4 | C35: AMCI GOLD MINE SARL | D35: =IF(COUNTIF(RBE!$C$1:$C$629,A35)>0,"Existe","Absent") -> Absent | E35: Permis | F35: Sénégal | H35: AEMSM | I35: Au | J35: Active | K35: Tambacounda | L35: 45117 | M35: 45121 | N35: 46216 | P35: 49.9278 Ha
A36: 03751 | B36: Périmètre 3 | C36: AMCI GOLD MINE SARL (100%) | D36: =IF(COUNTIF(RBE!$C$1:$C$629,A36)>0,"Existe","Absent") -> Absent | E36: Permis | F36: Sénégal | H36: AEMSM | I36: Au | J36: Active | K36: Kedougou | L36: 45029 | M36: 45090 | N36: 46185 | P36: 38.7250 Ha
A37: 03921 | B37: Périmètre 4 | C37: AMFICI GOLD (100%) | D37: =IF(COUNTIF(RBE!$C$1:$C$629,A37)>0,"Existe","Absent") -> Absent | E37: Permis | F37: Sénégal | H37: AEMSM | I37: Au | J37: Active | K37: Kedougou | L37: 45190 | M37: 45196 | N37: 46291 | P37: 38.7200 Ha
A38: 03922 | B38: Périmètre 3 | C38: AMFICI GOLD (100%) | D38: =IF(COUNTIF(RBE!$C$1:$C$629,A38)>0,"Existe","Absent") -> Absent | E38: Permis | F38: Sénégal | H38: AEMSM | I38: Au | J38: Active | K38: Kedougou | L38: 45190 | M38: 45196 | N38: 46291 | P38: 35.0200 Ha
A39: 03264 | B39: Packi | C39: AMIN TRANS SUARL (100%) | D39: =IF(COUNTIF(RBE!$C$1:$C$629,A39)>0,"Existe","Absent") -> Absent | E39: Permis | F39: Sénégal | H39: AECPP | I39: grès, latérite | J39: Active | K39: Thiès | L39: 44379 | M39: 44439 | N39: 46264 | P39: 1.9792 Ha
A40: 03347 | B40: ICS MBORO | C40: AMIN TRANS SUARL (100%) | D40: =IF(COUNTIF(RBE!$C$1:$C$629,A40)>0,"Existe","Absent") -> Absent | E40: Permis | F40: Sénégal | H40: AEHTR | I40: Sl | J40: Active | K40: Thiès | L40: 44404 | M40: 44172 | N40: 45997
A41: 03970 | B41: Périmètre 1 | C41: AMMSA GROUP AFRICA . SA | D41: =IF(COUNTIF(RBE!$C$1:$C$629,A41)>0,"Existe","Absent") -> Absent | E41: Permis | F41: Sénégal | H41: AEMSM | I41: Au | J41: Active | K41: Kedougou | L41: 45217 | M41: 45236 | N41: 46331 | P41: 49.9200 Ha
A42: 04021 | C42: AMMSA GROUP AFRICA . SA | D42: =IF(COUNTIF(RBE!$C$1:$C$629,A42)>0,"Existe","Absent") -> Absent | E42: Permis | F42: Sénégal | H42: AEMSM | I42: Au | J42: Active | K42: Kedougou | L42: 45240 | M42: 45267 | N42: 46362 | P42: 48.4600 Ha
A43: 04094 | B43: Périmètre 4 | C43: AMMSA GROUP AFRICA . SA (100%) | D43: =IF(COUNTIF(RBE!$C$1:$C$629,A43)>0,"Existe","Absent") -> Absent | E43: Permis | F43: Sénégal | H43: AEMSM | I43: Au | J43: Active | K43: Kedougou | L43: 45217 | M43: 45287 | N43: 46382 | P43: 49.7060 Ha
A44: 03489 | B44: Bandia | C44: APSA MINES SA (100%) | D44: =IF(COUNTIF(RBE!$C$1:$C$629,A44)>0,"Existe","Absent") -> Absent | E44: Permis | F44: Sénégal | H44: AECPP | I44: calcaire | J44: Active | K44: Thiès | L44: 40765 | M44: 41143 | N44: 46619 | O44: 44794 | P44: 20.0270 Ha
A45: 02322 | B45: Tombo | C45: ARDIMINES (100%) | D45: =IF(COUNTIF(RBE!$C$1:$C$629,A45)>0,"Existe","Absent") -> Absent | E45: Permis | F45: Sénégal | H45: PR | I45: Au | J45: Active | K45: Kedougou | L45: 43833 | M45: 43510 | N45: 47162 | P45: 18.9029 km²
A46: 03588 | B46: Bélé | C46: AREZKI S.A (100%) | D46: =IF(COUNTIF(RBE!$C$1:$C$629,A46)>0,"Existe","Absent") -> Absent | E46: Permis | F46: Sénégal | H46: AECPP | I46: basalte | J46: Active | K46: Tambacounda | L46: 44284 | M46: 44462 | N46: 46287 | P46: 17.7650 Ha
A47: 03054 | C47: AZ SERVICES SARL (100%) | D47: =IF(COUNTIF(RBE!$C$1:$C$629,A47)>0,"Existe","Absent") -> Absent | E47: Permis | F47: Sénégal | H47: AECPP | I47: basalte | J47: Active | K47: Kedougou | L47: 43816 | M47: 44315 | N47: 46140 | P47: 50.0002 Ha
A48: 04179 | B48: Chérif Lo | C48: BA MAMADOU (100%) | D48: =IF(COUNTIF(RBE!$C$1:$C$629,A48)>0,"Existe","Absent") -> Absent | E48: Permis | F48: Sénégal | H48: AECPT | I48: latérite | J48: Active | K48: Thiès | L48: 45357 | M48: 45358 | N48: 45722 | P48: 14.8166 Ha
A49: 02238 | C49: BABJUF MINES (100%) | D49: =IF(COUNTIF(RBE!$C$1:$C$629,A49)>0,"Existe","Absent") -> Absent | E49: Permis | F49: Sénégal | H49: AEHTR | I49: Sl | J49: Active | K49: Thiès | L49: 43208 | M49: 43256 | N49: 46907 | O49: 45082 | P49: 0.0910 Ha
A50: 02222 | B50: Bambadji | C50: BAMBADJI SA (100%) | D50: =IF(COUNTIF(RBE!$C$1:$C$629,A50)>0,"Existe","Absent") -> Absent | E50: Permis | F50: Sénégal | H50: PR | I50: Au, Cu | J50: Active | K50: Kedougou | L50: 43102 | M50: 43256 | N50: 46908 | P50: 129.5913 km²
A51: 04127 | B51: FARABA | C51: BAMBOUK EXPLORATION SARL (100%) | D51: =IF(COUNTIF(RBE!$C$1:$C$629,A51)>0,"Existe","Absent") -> Absent | E51: Permis | F51: Sénégal | H51: PR | I51: Au | J51: Active | K51: Kedougou | L51: 45048 | M51: 45324 | N51: 46784 | P51: 677.9946 km²
A52: 02289 | B52: SANGOLA | C52: BAMBUK MINERALS (100%) | D52: =IF(COUNTIF(RBE!$C$1:$C$629,A52)>0,"Existe","Absent") -> Absent | E52: Permis | F52: Sénégal | H52: PR | I52: Au | J52: Active | K52: Kedougou | L52: 43455 | M52: 43623 | N52: 46180 | P52: 287.7772 km²
A53: 03219 | C53: BANDESERVICES (100%) | D53: =IF(COUNTIF(RBE!$C$1:$C$629,A53)>0,"Existe","Absent") -> Absent | E53: Permis | F53: Sénégal | H53: AECPP | I53: grès | J53: Active | K53: Kedougou | L53: 44070 | M53: 44357 | N53: 46182 | P53: 27.9553 Ha
A54: 04308 | C54: BAOBAB MINERALS SARL (100%) | D54: =IF(COUNTIF(RBE!$C$1:$C$629,A54)>0,"Existe","Absent") -> Absent | E54: Permis | F54: Sénégal | H54: AEPM | I54: phosphate de chaux | J54: Active | K54: Matam | L54: 45377 | M54: 45378 | N54: 47203 | P54: 113.3540 Ha
A55: 02149 | B55: Cherif Lo Ngakham | C55: BAOBAB MINING AND CHEMICAL CORP SA | D55: =IF(COUNTIF(RBE!$C$1:$C$629,A55)>0,"Existe","Absent") -> Absent | E55: Permis | F55: Sénégal | H55: PE | I55: phosphate de chaux | J55: Active | K55: Diourbel | L55: 42116 | M55: 43370 | N55: 50674 | P55: 74.5280 km²
A56: 03400 | B56: BAMBADJI SUD | C56: BARRICK GOLD SENEGAL SA (100%) | D56: =IF(COUNTIF(RBE!$C$1:$C$629,A56)>0,"Existe","Absent") -> Absent | E56: Permis | F56: Sénégal | H56: PR | I56: Au | J56: Active | K56: Kedougou | L56: 44692 | M56: 44789 | N56: 46249 | P56: 58.2506 km²
A57: 04413 | C57: BASMALA INTERNATIONAL SARL (100%) | D57: =IF(COUNTIF(RBE!$C$1:$C$629,A57)>0,"Existe","Absent") -> Absent | E57: Permis | F57: Sénégal | H57: AP | I57: Au | J57: Active | K57: Kedougou | L57: 45834.778 | M57: 45999 | N57: 46180 | P57: 31.5164 Ha
A58: 03432 | B58: ICS MBORO | C58: BAU (100%) | D58: =IF(COUNTIF(RBE!$C$1:$C$629,A58)>0,"Existe","Absent") -> Absent | E58: Permis | F58: Sénégal | H58: AEHTR | I58: Sl | J58: Active | K58: Thiès | L58: 44537 | M58: 44594 | N58: 46419
A59: 02199 | B59: MADINA FOULBE | C59: BB FIRST COMMODITY HOLDING LTD | D59: =IF(COUNTIF(RBE!$C$1:$C$629,A59)>0,"Existe","Absent") -> Absent | E59: Permis | F59: Sénégal | H59: PR | I59: Au | J59: Active | K59: Tambacounda | L59: 42921 | M59: 43115 | N59: 45671 | P59: 146.2646 km²
A60: 03228 | C60: BETAMINES SA (100%) | D60: =IF(COUNTIF(RBE!$C$1:$C$629,A60)>0,"Existe","Absent") -> Absent | E60: Permis | F60: Sénégal | H60: PR | I60: basalte, tf | J60: Active | K60: Diourbel | L60: 43833 | M60: 44476 | N60: 45936 | P60: 31.9992 km²
A61: 02339 | B61: Kaourou | C61: BHAIRAVA AGRICOL SARL (100%) | D61: =IF(COUNTIF(RBE!$C$1:$C$629,A61)>0,"Existe","Absent") -> Absent | E61: Permis | F61: Sénégal | H61: PR | I61: Au | J61: Active | K61: Tambacounda | L61: 43969 | M61: 44292 | N61: 45752 | P61: 144.2171 km²
A62: 03743 | B62: LAMINIA | C62: BHAIRAVA AGRICOL SARL (100%) | D62: =IF(COUNTIF(RBE!$C$1:$C$629,A62)>0,"Existe","Absent") -> Absent | E62: Permis | F62: Sénégal | H62: AEPM | I62: Au | J62: Active | K62: Tambacounda | L62: 44795 | M62: 45028 | N62: 46854 | P62: 5.0000 km²
A63: 03683 | B63: Wassangara-moussala | C63: BIGSAM OR SARL (100%) | D63: =IF(COUNTIF(RBE!$C$1:$C$629,A63)>0,"Existe","Absent") -> Absent | E63: Permis | F63: Sénégal | H63: AEMSM | I63: Au | J63: Active | K63: Kedougou | L63: 44019 | M63: 45103 | N63: 46198 | P63: 49.2256 Ha
A64: 04133 | C64: BIJOUTERIE SERIGNE BABACAR SY (100%) | D64: =IF(COUNTIF(RBE!$C$1:$C$629,A64)>0,"Existe","Absent") -> Absent | E64: Permis | F64: Sénégal | H64: AEMSM | I64: Au | J64: Active | K64: Kedougou | L64: 45316 | M64: 45324 | N64: 46419 | P64: 49.7640 Ha
A65: 03709 | B65: Ouest Douta | C65: BIRIMA GOLD RESOURCES (100%) | D65: =IF(COUNTIF(RBE!$C$1:$C$629,A65)>0,"Existe","Absent") -> Absent | E65: Permis | F65: Sénégal | H65: PR | I65: Au | J65: Active | K65: Kedougou | L65: 44648 | M65: 44977 | N65: 46437 | P65: 106.0213 km²
A66: 02280 | B66: BOTO | C66: BOTO SA (90%) | D66: =IF(COUNTIF(RBE!$C$1:$C$629,A66)>0,"Existe","Absent") -> Absent | E66: Permis | F66: Sénégal | H66: PE | I66: Au | J66: Active | K66: Kedougou | L66: 43395 | M66: 43815 | N66: 51119 | P66: 146.8491 km²
A67: 03508 | C67: BOUTA CONSULTING ET SERVICE (GAYE PAPA AL HOUSSEYNOU) (100%) | D67: =IF(COUNTIF(RBE!$C$1:$C$629,A67)>0,"Existe","Absent") -> Absent | E67: Permis | F67: Sénégal | H67: AEHTR | I67: Sl | J67: Active | K67: Thiès | L67: 44666 | M67: 44763 | N67: 46588
A68: 02130 | B68: Diamba Sud | C68: BOYA SAU | D68: =IF(COUNTIF(RBE!$C$1:$C$629,A68)>0,"Existe","Absent") -> Absent | E68: Permis | F68: Sénégal | H68: PR | I68: Au | J68: Active | K68: Kedougou | L68: 41990 | M68: 42165 | N68: 46194 | P68: 53.4554 km²
A69: 02167 | B69: Taiba | C69: BUL FAALE PRODUCTION (100%) | D69: =IF(COUNTIF(RBE!$C$1:$C$629,A69)>0,"Existe","Absent") -> Absent | E69: Permis | F69: Sénégal | H69: AEHTR | I69: Sl | J69: Renouvellement en Cours | K69: Thiès | L69: 42461 | M69: 43115 | N69: 44940 | P69: 4.8899 Ha
A70: 02367 | B70: KHOSSANTO | C70: CANGAY MINES | D70: =IF(COUNTIF(RBE!$C$1:$C$629,A70)>0,"Existe","Absent") -> Absent | E70: Permis | F70: Sénégal | H70: PR | I70: Au | J70: Renouvellement en Cours | K70: Kedougou | L70: 44104 | M70: 44119 | N70: 45579 | P70: 13.9581 km²
A71: 02036 | B71: Bandia | C71: CARRIERE ABDOU FATTAH SA (100%) | D71: =IF(COUNTIF(RBE!$C$1:$C$629,A71)>0,"Existe","Absent") -> Absent | E71: Permis | F71: Sénégal | H71: AECPP | I71: calcaire | J71: Active | K71: Thiès | L71: 38679 | M71: 39044 | N71: 45928 | P71: 15.2686 Ha
A72: 03423 | B72: ICS | C72: CASA BAMBA (100%) | D72: =IF(COUNTIF(RBE!$C$1:$C$629,A72)>0,"Existe","Absent") -> Absent | E72: Permis | F72: Sénégal | H72: AEHTR | I72: Sl | J72: Active | K72: Thiès | L72: 44538 | M72: 44642 | N72: 46467
A73: 02100 | B73: KEBEMER | C73: CAYOR PHOSPHATE MINING SA (100%) | D73: =IF(COUNTIF(RBE!$C$1:$C$629,A73)>0,"Existe","Absent") -> Absent | E73: Permis | F73: Sénégal | H73: PR | I73: phosphate de chaux | J73: Active | K73: Louga | L73: 41327 | M73: 41465 | N73: 45837 | P73: 637.4849 km²
A74: A008024 | B74: Paki | C74: CAYORIENNE DES TRANSPORTS, CARRIERES ET TRAVAUX PUBLICS (100%) | D74: =IF(COUNTIF(RBE!$C$1:$C$629,A74)>0,"Existe","Absent") -> Absent | E74: Permis | F74: Sénégal | H74: AECPP | I74: grès | J74: Active | K74: Thiès | L74: 38531 | M74: 39303 | N74: 46202 | P74: 5.0082 Ha
A75: 04196 | B75: ICS/TAIBA | C75: CENTRALE DE MATERIEL ET MATERIAUX SARL (100%) | D75: =IF(COUNTIF(RBE!$C$1:$C$629,A75)>0,"Existe","Absent") -> Absent | E75: Permis | F75: Sénégal | H75: AEHTR | I75: sable de dune | J75: Active | K75: Thiès | L75: 43129 | M75: 45287 | N75: 47113 | P75: 0.0008 km²
A76: A02352 | B76: Bandia | C76: Cheikh KANE (100%) | D76: =IF(COUNTIF(RBE!$C$1:$C$629,A76)>0,"Existe","Absent") -> Absent | E76: Permis | F76: Sénégal | H76: AECPP | I76: calcaire | J76: Renouvellement en Cours | K76: Thiès | L76: 42004 | M76: 42054 | N76: 45706 | O76: 43880 | P76: 15.3955 Ha
A77: 03358 | B77: BONDALA | C77: CHESSER SAU (100%) | D77: =IF(COUNTIF(RBE!$C$1:$C$629,A77)>0,"Existe","Absent") -> Absent | E77: Permis | F77: Sénégal | H77: PR | I77: Au | J77: Active | K77: Kedougou | L77: 43269 | M77: 44623 | N77: 46083 | P77: 207.1757 km²
A78: 03360 | B78: MORICHOU | C78: CHESSER SAU (100%) | D78: =IF(COUNTIF(RBE!$C$1:$C$629,A78)>0,"Existe","Absent") -> Absent | E78: Permis | F78: Sénégal | H78: PR | I78: Au | J78: Active | K78: Tambacounda | L78: 44431 | M78: 44623 | N78: 46083 | P78: 431.2050 km²
A79: 04396 | C79: CHINA HARBOUR ENGINEERING COMPANY SENEGAL SUARL (100%) | D79: =IF(COUNTIF(RBE!$C$1:$C$629,A79)>0,"Existe","Absent") -> Absent | E79: Permis | F79: Sénégal | H79: AECPT | I79: latérite | J79: Active | K79: Sédhiou | L79: 45974.451 | M79: 46013 | N79: 46377 | P79: 4.7181 Ha
A80: 04276 | B80: GNITH | C80: CHINA ROAD AND BRIDGE CORPORATION SENEGAL (100%) | D80: =IF(COUNTIF(RBE!$C$1:$C$629,A80)>0,"Existe","Absent") -> Absent | E80: Permis | F80: Sénégal | H80: AECPT | I80: latérite | J80: Active | K80: Saint Louis | L80: 45433 | M80: 45431 | N80: 46293 | O80: 45796 | P80: 53.5362 Ha
A81: 04278 | B81: GNITH | C81: CHINA ROAD AND BRIDGE CORPORATION SENEGAL (100%) | D81: =IF(COUNTIF(RBE!$C$1:$C$629,A81)>0,"Existe","Absent") -> Absent | E81: Permis | F81: Sénégal | H81: AECPT | I81: latérite | J81: Active | K81: Saint Louis | L81: 45456 | M81: 45431 | N81: 46293 | O81: 45796 | P81: 52.6750 Ha
A82: 04213 | B82: ICS | C82: CHROME SUARL (100%) | D82: =IF(COUNTIF(RBE!$C$1:$C$629,A82)>0,"Existe","Absent") -> Absent | E82: Permis | F82: Sénégal | H82: AEHTR | I82: Sl | J82: Active | K82: Thiès | L82: 45306 | M82: 45366 | N82: 46095
A83: 04227 | B83: Diass | C83: CHROME SUARL (100%) | D83: =IF(COUNTIF(RBE!$C$1:$C$629,A83)>0,"Existe","Absent") -> Absent | E83: Permis | F83: Sénégal | H83: AECPP | I83: grès | J83: Active | K83: Thiès | L83: 45315 | M83: 45373 | N83: 47198 | P83: 3.5290 Ha
A84: 03364 | C84: CILAGE MINE (100%) | D84: =IF(COUNTIF(RBE!$C$1:$C$629,A84)>0,"Existe","Absent") -> Absent | E84: Permis | F84: Sénégal | H84: AEMSM | I84: Au | J84: Active | K84: Kedougou | L84: 44609 | M84: 44614 | N84: 45709 | P84: 41.9329 Ha
A85: 03580 | C85: CILAGE MINE (100%) | D85: =IF(COUNTIF(RBE!$C$1:$C$629,A85)>0,"Existe","Absent") -> Absent | E85: Permis | F85: Sénégal | H85: AEMSM | I85: Au | J85: Active | K85: Kedougou | L85: 44902 | M85: 44922 | N85: 46017 | P85: 49.6984 Ha
A86: 03581 | C86: CILAGE MINE (100%) | D86: =IF(COUNTIF(RBE!$C$1:$C$629,A86)>0,"Existe","Absent") -> Absent | E86: Permis | F86: Sénégal | H86: AEMSM | I86: Au | J86: Active | K86: Kedougou | L86: 44902 | M86: 44908 | N86: 46003 | P86: 49.9018 Ha
A87: 03618 | C87: CILAGE MINE (100%) | D87: =IF(COUNTIF(RBE!$C$1:$C$629,A87)>0,"Existe","Absent") -> Absent | E87: Permis | F87: Sénégal | H87: AEMSM | I87: Au | J87: Active | K87: Kedougou | L87: 44902 | M87: 44908 | N87: 46003 | P87: 50.0000 Ha
A88: 03658 | B88: périmètre 2 | C88: CILAGE MINE (100%) | D88: =IF(COUNTIF(RBE!$C$1:$C$629,A88)>0,"Existe","Absent") -> Absent | E88: Permis | F88: Sénégal | H88: AEMSM | I88: Au | J88: Active | K88: Kedougou | L88: 44972 | M88: 45028 | N88: 46123 | P88: 35.4414 Ha
A89: 03659 | B89: périmètre 3 | C89: CILAGE MINE (100%) | D89: =IF(COUNTIF(RBE!$C$1:$C$629,A89)>0,"Existe","Absent") -> Absent | E89: Permis | F89: Sénégal | H89: AEMSM | I89: Au | J89: Active | K89: Kedougou | L89: 44972 | M89: 45028 | N89: 46123 | P89: 44.3000 Ha
A90: 03669 | B90: Périmètre 1 | C90: CILAGE MINE (100%) | D90: =IF(COUNTIF(RBE!$C$1:$C$629,A90)>0,"Existe","Absent") -> Absent | E90: Permis | F90: Sénégal | H90: AEMSM | I90: Au | J90: Active | K90: Kedougou | L90: 44972 | M90: 45028 | N90: 46123 | P90: 49.8270 Ha
A91: 03387 | B91: Périmètre 2 | C91: CILAGE MINE SUARL (100%) | D91: =IF(COUNTIF(RBE!$C$1:$C$629,A91)>0,"Existe","Absent") -> Absent | E91: Permis | F91: Sénégal | H91: AEMSM | I91: Au | J91: Active | K91: Kedougou | L91: 44662 | M91: 44736 | N91: 45831 | P91: 14.8837 Ha
A92: 03389 | B92: Périmètre 1 | C92: CILAGE MINE SUARL (100%) | D92: =IF(COUNTIF(RBE!$C$1:$C$629,A92)>0,"Existe","Absent") -> Absent | E92: Permis | F92: Sénégal | H92: AEMSM | I92: Au | J92: Active | K92: Kedougou | L92: 44662 | M92: 44736 | N92: 45831 | P92: 15.1226 Ha
A93: 03421 | B93: Périmètre 3 | C93: CILAGE MINE SUARL (100%) | D93: =IF(COUNTIF(RBE!$C$1:$C$629,A93)>0,"Existe","Absent") -> Absent | E93: Permis | F93: Sénégal | H93: AEMSM | I93: Au | J93: Active | K93: Kedougou | L93: 44662 | M93: 44736 | N93: 45831 | P93: 22.4300 Ha
A94: 02369 | B94: POUT | C94: CIMENTS DE L'AFRIQUE (100%) | D94: =IF(COUNTIF(RBE!$C$1:$C$629,A94)>0,"Existe","Absent") -> Absent | E94: Permis | F94: Sénégal | H94: AECPP | I94: calcaire | J94: Active | K94: Thiès | L94: 44106 | M94: 44279 | N94: 46104 | P94: 277.3672 Ha
A95: 03836 | B95: POUT | C95: CIMENTS DE L'AFRIQUE (90%) | D95: =IF(COUNTIF(RBE!$C$1:$C$629,A95)>0,"Existe","Absent") -> Absent | E95: Permis | F95: Sénégal | H95: PE | I95: calcaire, substance connexes | J95: Active | K95: Thiès | L95: 44640 | M95: 44712 | N95: 52016 | P95: 8.5900 km²
A96: 02017 | B96: Kirène | C96: CIMENTS DU SAHEL | D96: =IF(COUNTIF(RBE!$C$1:$C$629,A96)>0,"Existe","Absent") -> Absent | E96: Permis | F96: Sénégal | H96: CM | I96: calcaire | J96: Active | K96: Thiès | L96: 36285 | M96: 36578 | N96: 45709 | P96: 586.2024 Ha
A97: 02018 | B97: D2000-106 Thicky | C97: CIMENTS DU SAHEL | D97: =IF(COUNTIF(RBE!$C$1:$C$629,A97)>0,"Existe","Absent") -> Absent | E97: Permis | F97: Sénégal | H97: CM | I97: Argile | J97: Active | K97: Thiès | L97: 36285 | M97: 40102 | N97: 45710 | P97: 1.9998 km²
A98: 04285 | B98: TASSETTE | C98: CK CARRIERE (100%) | D98: =IF(COUNTIF(RBE!$C$1:$C$629,A98)>0,"Existe","Absent") -> Absent | E98: Permis | F98: Sénégal | H98: AECPP | I98: basalte | J98: Active | K98: Thiès | L98: 44636 | M98: 45334 | N98: 47160 | P98: 20.2251 Ha
A99: A018463 | B99: TAIBA | C99: CK CARRIRES SA (100%) | D99: =IF(COUNTIF(RBE!$C$1:$C$629,A99)>0,"Existe","Absent") -> Absent | E99: Permis | F99: Sénégal | H99: AEHTR | I99: Sl | J99: Active | K99: Thiès | L99: 42368 | M99: 44762 | N99: 46587 | P99: 0.0003 km²
A100: 04360 | C100: COMMUNE DE BOKHOL (100%) | D100: =IF(COUNTIF(RBE!$C$1:$C$629,A100)>0,"Existe","Absent") -> Absent | E100: Permis | F100: Sénégal | H100: AECPubT | J100: Active | K100: Saint Louis | L100: 45688 | M100: 45737 | N100: 46101 | P100: 7.3698 Ha
...

Sheet Feuil1
A3: Étiquettes de lignes | B3: Nombre de Denomination Sociale2
A4: YOUSRIYA NASSIF LOZA | B4: 6
A5: XINJIN ZIRCONIUM INDUSTRY | B5: 1
A6: 2025 | B6: 1
A7: YELLOW GROUND SENEGAL SAS | B7: 5
A8: 2025 | B8: 5
A9: AMADOU DIOP GUEYE | B9: 5
A10: AGRO SENEGAL EXPORTS | B10: 2
A11: 2022 | B11: 2
A12: AL MAKHTOUM GENERAL TRADING | B12: 1
A13: 2022 | B13: 1
A14: ALLIANCE GOLD | B14: 2
A15: 2022 | B15: 2
... A1741: Total général | B1741: 628

Sheet RBE
A1: Région | B1: Denomination Sociale | C1: Denomination Sociale2 | D1: déclarant | E1: Prénom et Nom Bénéficiaire | F1: Date d'acquisition | G1: Année | H1: % Action Direct | I1: % Voix Direct | J1: Nationalite | K1: Pays de résidence | L1: Est Une PPE | M1: Fonction PPE | N1: NomPPE | O1: Greffe | P1: Regions
A2: Dakar | B2: 2S GOLD | C2: 2S GOLD | D2: =VLOOKUP(RBE!C2,Permis[[#This Row],[Parties]],1,0) -> #N/A | E2: ALEXANDRE BRINGER | F2: 2021-11-16 15:40:33.487 | G2: =LEFT(TRIM(F2),4) -> 2021 | H2: 20 | I2: NULL | J2: SÉNÉGAL | K2: SÉNÉGAL | L2: NULL | M2: 0 | N2: NULL | O2: Greffe | P2: Dakar | Q2: =IF(J2=K2,0,1) -> 0 | R2: =ISBLANK(K2) -> FALSE
A3: Dakar | B3: ABA SERVICES | C3: ABA SERVICES | D3: =VLOOKUP(RBE!C3,Permis[[#This Row],[Parties]],1,0) -> #N/A | E3: ALFRED SYMPA | F3: 2021-11-17 15:38:42.123 | G3: =LEFT(TRIM(F3),4) -> 2021 | H3: 100 | I3: NULL | J3: ALBANIE | K3: ALBANIE | L3: NULL | M3: 0 | N3: NULL | O3: Greffe | P3: Dakar | Q3: =IF(J3=K3,0,1) -> 0 | R3: =ISBLANK(K3) -> FALSE
A4: Dakar | B4: ABABACAR DIOP TRANSPORTS SARL | C4: ABABACAR DIOP TRANSPORTS SARL | D4: =VLOOKUP(RBE!C4,Permis[[#This Row],[Parties]],1,0) -> #N/A | E4: ALIKO DANGOTE | F4: 2021-12-24 11:36:59.230 | G4: =LEFT(TRIM(F4),4) -> 2021 | H4: 25 | I4: NULL | J4: SÉNÉGAL | K4: SÉNÉGAL | L4: NULL | M4: 0 | N4: NULL | O4: Greffe | P4: Dakar | Q4: =IF(J4=K4,0,1) -> 0 | R4: =ISBLANK(K4) -> FALSE
A5: Dakar | B5: ABANDOUR GEOLINK | C5: ABANDOUR GEOLINK | D5: =VLOOKUP(RBE!C5,Permis[[#This Row],[Parties]],1,0) -> #N/A | E5: ALIOU CAMARA | F5: 2021-12-24 11:36:59.230 | G5: =LEFT(TRIM(F5),4) -> 2021 | H5: 25 | I5: NULL | J5: SÉNÉGAL | K5: SÉNÉGAL | L5: NULL | M5: 0 | N5: NULL | O5: Greffe | P5: Dakar | Q5: =IF(J5=K5,0,1) -> 0 | R5: =ISBLANK(K5) -> FALSE
A6: Dakar | B6: ABANDOUR GEOLINK | C6: ABANDOUR GEOLINK | D6: =VLOOKUP(RBE!C6,Permis[[#This Row],[Parties]],1,0) -> #N/A | E6: ALIOU CISSE | F6: 2021-12-21 15:13:29.357 | G6: =LEFT(TRIM(F6),4) -> 2021 | H6: 30 | I6: NULL | J6: SÉNÉGAL | K6: SÉNÉGAL | L6: NULL | M6: 0 | N6: NULL | O6: Greffe | P6: Dakar | Q6: =IF(J6=K6,0,1) -> 0 | R6: =ISBLANK(K6) -> FALSE
A7: Dakar | B7: AD GLOD | C7: AD GLOD | D7: =VLOOKUP(RBE!C7,Permis[[#This Row],[Parties]],1,0) -> #N/A | E7: ALIOU DIOUF | F7: 2021-12-21 15:13:29.357 | G7: =LEFT(TRIM(F7),4) -> 2021 | H7: 70 | I7: NULL | J7: SÉNÉGAL | K7: SÉNÉGAL | L7: NULL | M7: 0 | N7: NULL | O7: Greffe | P7: Dakar | Q7: =IF(J7=K7,0,1) -> 0 | R7: =ISBLANK(K7) -> FALSE
A8: Dakar | B8: AD GLOD | C8: AD GLOD | D8: =VLOOKUP(RBE!C8,Permis[[#This Row],[Parties]],1,0) -> #N/A | E8: ALIOU NDIAYE | F8: 2021-12-13 15:49:50.663 | G8: =LEFT(TRIM(F8),4) -> 2021 | H8: 50 | I8: 50 | J8: SÉNÉGAL | K8: SÉNÉGAL | L8: SENEGAL | M8: 0 | N8: CHEIKHOUNA THIOUNE | O8: Greffe | P8: Dakar | Q8: =IF(J8=K8,0,1) -> 0 | R8: =ISBLANK(K8) -> FALSE
A9: Dakar | B9: AD GLOD | C9: AD GLOD | D9: =VLOOKUP(RBE!C9,Permis[[#This Row],[Parties]],1,0) -> #N/A | E9: ALIOU SOUARE | F9: 2021-12-13 15:49:50.663 | G9: =LEFT(TRIM(F9),4) -> 2021 | H9: 50 | I9: 50 | J9: SÉNÉGAL | K9: SÉNÉGAL | L9: SÉNÉGAL | M9: 0 | N9: CHEIKHOUNA THIOUNE | O9: Greffe | P9: Dakar | Q9: =IF(J9=K9,0,1) -> 0 | R9: =ISBLANK(K9) -> FALSE
A10: Dakar | B10: " ADAMA UNIVERSAL IMMOBILIER ET AFFAIRES " ADA-SUARL | C10: ADAMA UNIVERSAL IMMOBILIER ET AFFAIRES ADA-SUARL | D10: =VLOOKUP(RBE!C10,Permis[[#This Row],[Parties]],1,0) -> #N/A | E10: ABABACAR DIOP | F10: 2021-06-28 13:12:04.777 | G10: =LEFT(TRIM(F10),4) -> 2021 | H10: 99.99 | I10: 99.99 | J10: NIGÉRIA | K10: NIGÉRIA | L10: NULL | M10: 0 | N10: NULL | O10: Greffe | P10: Dakar | Q10: =IF(J10=K10,0,1) -> 0 | R10: =ISBLANK(K10) -> FALSE
A11: Dakar | B11: ADJAF UNIVERSEL | C11: ADJAF UNIVERSEL | D11: =VLOOKUP(RBE!C11,Permis[[#This Row],[Parties]],1,0) -> #N/A | E11: ALIOUNE CISSE | F11: 2021-12-24 11:36:59.230 | G11: =LEFT(TRIM(F11),4) -> 2021 | H11: 25 | I11: NULL | J11: SÉNÉGAL | K11: SÉNÉGAL | L11: NULL | M11: 0 | N11: NULL | O11: Greffe | P11: Dakar | Q11: =IF(J11=K11,0,1) -> 0 | R11: =ISBLANK(K11) -> FALSE
A12: Dakar | B12: "AFIA SERVICES" | C12: AFIA SERVICES | D12: =VLOOKUP(RBE!C12,Permis[[#This Row],[Parties]],1,0) -> #N/A | E12: ADAMA CISSOKHO | F12: 2021-11-16 15:40:33.487 | G12: =LEFT(TRIM(F12),4) -> 2021 | H12: 20 | I12: NULL | J12: SÉNÉGAL | K12: SÉNÉGAL | L12: NULL | M12: 0 | N12: NULL | O12: Greffe | P12: Dakar | Q12: =IF(J12=K12,0,1) -> 0 | R12: =ISBLANK(K12) -> FALSE
A13: Dakar | B13: AFRICA A WAY | C13: AFRICA A WAY | D13: =VLOOKUP(RBE!C13,Permis[[#This Row],[Parties]],1,0) -> #N/A | E13: ALIOUNE CISSE | F13: 2021-12-24 11:36:59.230 | G13: =LEFT(TRIM(F13),4) -> 2021 | H13: 25 | I13: NULL | J13: SÉNÉGAL | K13: SÉNÉGAL | L13: NULL | M13: 0 | N13: NULL | O13: Greffe | P13: Dakar | Q13: =IF(J13=K13,0,1) -> 0 | R13: =ISBLANK(K13) -> FALSE
A14: Dakar | B14: AFRICA A WAY | C14: AFRICA A WAY | D14: =VLOOKUP(RBE!C14,Permis[[#This Row],[Parties]],1,0) -> #N/A | E14: ALIOUNE CISSE | F14: 2021-07-02 09:29:40.887 | G14: =LEFT(TRIM(F14),4) -> 2021 | H14: NULL | I14: NULL | J14: CANADA | K14: CANADA | L14: NULL | M14: 0 | N14: NULL | O14: Greffe | P14: Dakar | Q14: =IF(J14=K14,0,1) -> 0 | R14: =ISBLANK(K14) -> FALSE
A15: Dakar | B15: AFRICA CONSULTING BUSINESS (ACB) | C15: AFRICA CONSULTING BUSINESS (ACB) | D15: =VLOOKUP(RBE!C15,Permis[[#This Row],[Parties]],1,0) -> #N/A | E15: ALIOUNE DIALLO | F15: 2021-11-19 15:35:36.977 | G15: =LEFT(TRIM(F15),4) -> 2021 | H15: 100 | I15: 100 | J15: SÉNÉGAL | K15: SÉNÉGAL | L15: NULL | M15: 0 | N15: NULL | O15: Greffe | P15: Dakar | Q15: =IF(J15=K15,0,1) -> 0 | R15: =ISBLANK(K15) -> FALSE
A16: Dakar | B16: AFRICA GLOBAL GEOINGENIERIE (A2G) | C16: AFRICA GLOBAL GEOINGENIERIE (A2G) | D16: =VLOOKUP(RBE!C16,Permis[[#This Row],[Parties]],1,0) -> #N/A | E16: ALIOUNE TELEMAQUE SOW | F16: 2022-02-21 15:55:15.067 | G16: =LEFT(TRIM(F16),4) -> 2022 | H16: 100 | I16: NULL | J16: SÉNÉGAL | K16: SÉNÉGAL | L16: NULL | M16: 0 | N16: NULL | O16: Greffe | P16: Dakar | Q16: =IF(J16=K16,0,1) -> 0 | R16: =ISBLANK(K16) -> FALSE
A17: Dakar | B17: AFRICA GLOBAL GEOINGENIERIE (A2G) | C17: AFRICA GLOBAL GEOINGENIERIE (A2G) | D17: =VLOOKUP(RBE!C17,Permis[[#This Row],[Parties]],1,0) -> #N/A | E17: ALIOUNEDIOP FAYE | F17: 2022-05-18 14:06:56.020 | G17: =LEFT(TRIM(F17),4) -> 2022 | H17: NULL | I17: 2 | J17: SÉNÉGAL | K17: SÉNÉGAL | L17: NULL | M17: 0 | N17: NULL | O17: Greffe | P17: Dakar | Q17: =IF(J17=K17,0,1) -> 0 | R17: =ISBLANK(K17) -> FALSE
A18: Dakar | B18: AFRICA TRADE AND INVESTMENT CONSULTING (ATIC-SARL) | C18: AFRICA TRADE AND INVESTMENT CONSULTING (ATIC-SARL) | D18: =VLOOKUP(RBE!C18,Permis[[#This Row],[Parties]],1,0) -> #N/A | E18: ALLE THIAM | F18: 2022-11-11 14:48:03.010 | G18: =LEFT(TRIM(F18),4) -> 2022 | H18: 100 | I18: 100 | J18: SÉNÉGAL | K18: SÉNÉGAL | L18: NULL | M18: 0 | N18: NULL | O18: Greffe | P18: Dakar | Q18: =IF(J18=K18,0,1) -> 0 | R18: =ISBLANK(K18) -> FALSE
A19: Dakar | B19: Africa Traiding-Equipement et Transport (AF-TECO) | C19: Africa Traiding-Equipement et Transport (AF-TECO) | D19: =VLOOKUP(RBE!C19,Permis[[#This Row],[Parties]],1,0) -> #N/A | E19: ALPHA MOUSSA KANE | F19: 2022-12-02 09:59:34.317 | G19: =LEFT(TRIM(F19),4) -> 2022 | H19: 40 | I19: 40 | J19: SÉNÉGAL | K19: SÉNÉGAL | L19: NULL | M19: 0 | N19: NULL | O19: Greffe | P19: Dakar | Q19: =IF(J19=K19,0,1) -> 0 | R19: =ISBLANK(K19) -> FALSE
A20: Dakar | B20: AFRICA VISION MINING ( AVM-SARL) | C20: AFRICA VISION MINING ( AVM-SARL) | D20: =VLOOKUP(RBE!C20,Permis[[#This Row],[Parties]],1,0) -> #N/A | E20: AMADOU AIDARA | F20: 2022-05-18 14:06:56.020 | G20: =LEFT(TRIM(F20),4) -> 2022 | H20: NULL | I20: 2 | J20: SÉNÉGAL | K20: SÉNÉGAL | L20: NULL | M20: 0 | N20: NULL | O20: Greffe | P20: Dakar | Q20: =IF(J20=K20,0,1) -> 0 | R20: =ISBLANK(K20) -> FALSE
A21: Dakar | B21: AFRICA VISION MINING ( AVM-SARL) | C21: AFRICA VISION MINING ( AVM-SARL) | D21: =VLOOKUP(RBE!C21,Permis[[#This Row],[Parties]],1,0) -> #N/A | E21: AMADOU APITHY | F21: 2022-07-28 13:22:53.183 | G21: =LEFT(TRIM(F21),4) -> 2022 | H21: 100 | I21: NULL | J21: SÉNÉGAL | K21: SÉNÉGAL | L21: NULL | M21: 0 | N21: NULL | O21: Greffe | P21: Dakar | Q21: =IF(J21=K21,0,1) -> 0 | R21: =ISBLANK(K21) -> FALSE
A22: Dakar | B22: AFRICAN BUILDERS SARL | C22: AFRICAN BUILDERS SARL | D22: =VLOOKUP(RBE!C22,Permis[[#This Row],[Parties]],1,0) -> #N/A | E22: AMADOU BA | F22: 2022-12-02 09:59:34.317 | G22: =LEFT(TRIM(F22),4) -> 2022 | H22: 40 | I22: 40 | J22: SÉNÉGAL | K22: SÉNÉGAL | L22: NULL | M22: 0 | N22: NULL | O22: Greffe | P22: Dakar | Q22: =IF(J22=K22,0,1) -> 0 | R22: =ISBLANK(K22) -> FALSE
A23: Dakar | B23: AFRICAN BUILDERS SARL | C23: AFRICAN BUILDERS SARL | D23: =VLOOKUP(RBE!C23,Permis[[#This Row],[Parties]],1,0) -> #N/A | E23: AMADOU DIALLO | F23: 2022-12-02 09:59:34.317 | G23: =LEFT(TRIM(F23),4) -> 2022 | H23: 30 | I23: 30 | J23: SÉNÉGAL | K23: SÉNÉGAL | L23: NULL | M23: 0 | N23: NULL | O23: Greffe | P23: Dakar | Q23: =IF(J23=K23,0,1) -> 0 | R23: =ISBLANK(K23) -> FALSE
A24: Dakar | B24: AFRICAN BUILDERS SARL | C24: AFRICAN BUILDERS SARL | D24: =VLOOKUP(RBE!C24,Permis[[#This Row],[Parties]],1,0) -> #N/A | E24: AMADOU DIANE | F24: 2022-09-30 08:41:23.457 | G24: =LEFT(TRIM(F24),4) -> 2022 | H24: 24 | I24: NULL | J24: SÉNÉGAL | K24: SÉNÉGAL | L24: NULL | M24: 0 | N24: NULL | O24: Greffe | P24: Dakar | Q24: =IF(J24=K24,0,1) -> 0 | R24: =ISBLANK(K24) -> FALSE
A25: Dakar | B25: AFRICAN BUILDERS SARL | C25: AFRICAN BUILDERS SARL | D25: =VLOOKUP(RBE!C25,Permis[[#This Row],[Parties]],1,0) -> #N/A | E25: AMADOU DIANGO | F25: 2022-09-30 08:41:23.457 | G25: =LEFT(TRIM(F25),4) -> 2022 | H25: 5 | I25: NULL | J25: SÉNÉGAL | K25: SÉNÉGAL | L25: NULL | M25: 0 | N25: NULL | O25: Greffe | P25: Dakar | Q25: =IF(J25=K25,0,1) -> 0 | R25: =ISBLANK(K25) -> FALSE
A26: Dakar | B26: AGEM SENEGAL EXPLORATION | C26: AGEM SENEGAL EXPLORATION | D26: =VLOOKUP(RBE!C26,Permis[[#This Row],[Parties]],1,0) -> #N/A | E26: AMADOU DIOP | F26: 2022-09-30 08:41:23.457 | G26: =LEFT(TRIM(F26),4) -> 2022 | H26: 11 | I26: NULL | J26: SÉNÉGAL | K26: SÉNÉGAL | L26: NULL | M26: 0 | N26: NULL | O26: Greffe | P26: Dakar | Q26: =IF(J26=K26,0,1) -> 0 | R26: =ISBLANK(K26) -> FALSE
A27: Dakar | B27: AGRO SENEGAL EXPORTS | C27: AGRO SENEGAL EXPORTS | D27: =VLOOKUP(RBE!C27,Permis[[#This Row],[Parties]],1,0) -> #N/A | E27: AMADOU DIOP GUEYE | F27: 2022-09-30 08:41:23.457 | G27: =LEFT(TRIM(F27),4) -> 2022 | H27: 23 | I27: NULL | J27: SÉNÉGAL | K27: SÉNÉGAL | L27: NULL | M27: 0 | N27: NULL | O27: Greffe | P27: Dakar | Q27: =IF(J27=K27,0,1) -> 0 | R27: =ISBLANK(K27) -> FALSE
A28: Dakar | B28: AGRO SENEGAL EXPORTS | C28: AGRO SENEGAL EXPORTS | D28: =VLOOKUP(RBE!C28,Permis[[#This Row],[Parties]],1,0) -> #N/A | E28: AMADOU DIOP GUEYE | F28: 2022-09-30 08:41:23.457 | G28: =LEFT(TRIM(F28),4) -> 2022 | H28: 11 | I28: NULL | J28: SÉNÉGAL | K28: SÉNÉGAL | L28: NULL | M28: 0 | N28: NULL | O28: Greffe | P28: Dakar | Q28: =IF(J28=K28,0,1) -> 0 | R28: =ISBLANK(K28) -> FALSE
A29: Dakar | B29: AL MAKHTOUM GENERAL TRADING | C29: AL MAKHTOUM GENERAL TRADING | D29: =VLOOKUP(RBE!C29,Permis[[#This Row],[Parties]],1,0) -> #N/A | E29: AMADOU DIOP GUEYE | F29: 2022-09-30 08:41:23.457 | G29: =LEFT(TRIM(F29),4) -> 2022 | H29: 11 | I29: NULL | J29: SÉNÉGAL | K29: SÉNÉGAL | L29: NULL | M29: 0 | N29: NULL | O29: Greffe | P29: Dakar | Q29: =IF(J29=K29,0,1) -> 0 | R29: =ISBLANK(K29) -> FALSE
A30: Dakar | B30: ALLIANCE GOLD | C30: ALLIANCE GOLD | D30: =VLOOKUP(RBE!C30,Permis[[#This Row],[Parties]],1,0) -> #N/A | E30: AMADOU DIOP GUEYE | F30: 2022-09-30 16:34:27.577 | G30: =LEFT(TRIM(F30),4) -> 2022 | H30: NULL | I30: NULL | J30: CANADA | K30: CANADA | L30: NULL | M30: 0 | N30: NULL | O30: Greffe | P30: Dakar | Q30: =IF(J30=K30,0,1) -> 0 | R30: =ISBLANK(K30) -> FALSE
A31: Dakar | B31: ALLIANCE GOLD | C31: ALLIANCE GOLD | D31: =VLOOKUP(RBE!C31,Permis[[#This Row],[Parties]],1,0) -> #N/A | E31: AMADOU DIOP GUEYE | F31: 2022-11-17 15:32:59.050 | G31: =LEFT(TRIM(F31),4) -> 2022 | H31: 100 | I31: 100 | J31: SÉNÉGAL | K31: SÉNÉGAL | L31: NULL | M31: 0 | N31: NULL | O31: Greffe | P31: Dakar | Q31: =IF(J31=K31,0,1) -> 0 | R31: =ISBLANK(K31) -> FALSE
A32: Dakar | B32: ALPHA OMEGA | C32: ALPHA OMEGA | D32: =VLOOKUP(RBE!C32,Permis[[#This Row],[Parties]],1,0) -> #N/A | E32: AMADOU GAYE | F32: 2022-01-12 13:28:08.260 | G32: =LEFT(TRIM(F32),4) -> 2022 | H32: 30 | I32: 30 | J32: SÉNÉGAL | K32: SÉNÉGAL | L32: NULL | M32: 0 | N32: NULL | O32: Greffe | P32: Dakar | Q32: =IF(J32=K32,0,1) -> 0 | R32: =ISBLANK(K32) -> FALSE
A33: Dakar | B33: AMATH NDIAYE INTERNATIONAL PRESTIGE (ANIP) | C33: AMATH NDIAYE INTERNATIONAL PRESTIGE (ANIP) | D33: =VLOOKUP(RBE!C33,Permis[[#This Row],[Parties]],1,0) -> #N/A | E33: AMADOU MALICK SONKO | F33: 2022-01-12 13:28:08.260 | G33: =LEFT(TRIM(F33),4) -> 2022 | H33: 30 | I33: 30 | J33: SÉNÉGAL | K33: SÉNÉGAL | L33: NULL | M33: 0 | N33: NULL | O33: Greffe | P33: Dakar | Q33: =IF(J33=K33,0,1) -> 0 | R33: =ISBLANK(K33) -> FALSE
A34: Dakar | B34: AMICALE DES ORPAILLEURS DE KEDOUGOU | C34: AMICALE DES ORPAILLEURS DE KEDOUGOU | D34: =VLOOKUP(RBE!C34,Permis[[#This Row],[Parties]],1,0) -> #N/A | E34: AMADOU RACINE SOW | F34: 2022-05-24 13:56:54.337 | G34: =LEFT(TRIM(F34),4) -> 2022 | H34: 100 | I34: 100 | J34: SÉNÉGAL | K34: SÉNÉGAL | L34: NULL | M34: 0 | N34: NULL | O34: Greffe | P34: Dakar | Q34: =IF(J34=K34,0,1) -> 0 | R34: =ISBLANK(K34) -> FALSE
A35: Dakar | B35: AMSA GROUP AFRICA SA | C35: AMSA GROUP AFRICA SA | D35: =VLOOKUP(RBE!C35,Permis[[#This Row],[Parties]],1,0) -> #N/A | E35: AMADOU THIAM | F35: 2022-10-05 13:25:42.720 | G35: =LEFT(TRIM(F35),4) -> 2022 | H35: NULL | I35: NULL | J35: ALLEMAGNE | K35: ALLEMAGNE | L35: NULL | M35: 0 | N35: NULL | O35: Greffe | P35: Dakar | Q35: =IF(J35=K35,0,1) -> 0 | R35: =ISBLANK(K35) -> FALSE
A36: Dakar | B36: ARC EN CIEL | C36: ARC EN CIEL | D36: =VLOOKUP(RBE!C36,Permis[[#This Row],[Parties]],1,0) -> #N/A | E36: AMADOU THIAM | F36: 2022-08-08 09:56:35.827 | G36: =LEFT(TRIM(F36),4) -> 2022 | H36: 100 | I36: 100 | J36: SÉNÉGAL | K36: SÉNÉGAL | L36: NULL | M36: 0 | N36: NULL | O36: Greffe | P36: Dakar | Q36: =IF(J36=K36,0,1) -> 0 | R36: =ISBLANK(K36) -> FALSE
A37: Dakar | B37: ARDIMINES SARL | C37: ARDIMINES SARL | D37: =VLOOKUP(RBE!C37,Permis[[#This Row],[Parties]],1,0) -> #N/A | E37: AMADOU YERO DIALLO | F37: 2022-01-19 14:56:56.897 | G37: =LEFT(TRIM(F37),4) -> 2022 | H37: 100 | I37: 100 | J37: SÉNÉGAL | K37: SÉNÉGAL | L37: NULL | M37: 0 | N37: NULL | O37: Greffe | P37: Dakar | Q37: =IF(J37=K37,0,1) -> 0 | R37: =ISBLANK(K37) -> FALSE
A38: Dakar | B38: ARDIMINES SARL | C38: ARDIMINES SARL | D38: =VLOOKUP(RBE!C38,Permis[[#This Row],[Parties]],1,0) -> #N/A | E38: AMATH NDIAYE | F38: 2022-09-08 15:17:23.333 | G38: =LEFT(TRIM(F38),4) -> 2022 | H38: NULL | I38: NULL | J38: CANADA | K38: CANADA | L38: NULL | M38: 0 | N38: NULL | O38: Greffe | P38: Dakar | Q38: =IF(J38=K38,0,1) -> 0 | R38: =ISBLANK(K38) -> FALSE
A39: Dakar | B39: AREZKI-SA | C39: AREZKI-SA | D39: =VLOOKUP(RBE!C39,Permis[[#This Row],[Parties]],1,0) -> #N/A | E39: AMETH DIAMANKA | F39: 2022-07-08 14:32:33.017 | G39: =LEFT(TRIM(F39),4) -> 2022 | H39: 100 | I39: 100 | J39: SÉNÉGAL | K39: SÉNÉGAL | L39: NULL | M39: 0 | N39: NULL | O39: Greffe | P39: Dakar | Q39: =IF(J39=K39,0,1) -> 0 | R39: =ISBLANK(K39) -> FALSE
A40: Dakar | B40: AREZKI-SA | C40: AREZKI-SA | D40: =VLOOKUP(RBE!C40,Permis[[#This Row],[Parties]],1,0) -> #N/A | E40: AMINATA BAIDY SOW | F40: 2022-03-15 14:29:25.337 | G40: =LEFT(TRIM(F40),4) -> 2022 | H40: 100 | I40: 100 | J40: SÉNÉGAL | K40: SÉNÉGAL | L40: NULL | M40: 0 | N40: NULL | O40: Greffe | P40: Dakar | Q40: =IF(J40=K40,0,1) -> 0 | R40: =ISBLANK(K40) -> FALSE
A41: Dakar | B41: AREZKI-SA | C41: AREZKI-SA | D41: =VLOOKUP(RBE!C41,Permis[[#This Row],[Parties]],1,0) -> #N/A | E41: AMINATA BASSE | F41: 2022-04-21 11:04:03.023 | G41: =LEFT(TRIM(F41),4) -> 2022 | H41: 80 | I41: 80 | J41: SÉNÉGAL | K41: SÉNÉGAL | L41: NULL | M41: 0 | N41: NULL | O41: Greffe | P41: Dakar | Q41: =IF(J41=K41,0,1) -> 0 | R41: =ISBLANK(K41) -> FALSE
A42: Dakar | B42: AREZKI-SA | C42: AREZKI-SA | D42: =VLOOKUP(RBE!C42,Permis[[#This Row],[Parties]],1,0) -> #N/A | E42: AMINATA CISSE | F42: 2022-04-21 11:04:03.023 | G42: =LEFT(TRIM(F42),4) -> 2022 | H42: 20 | I42: 20 | J42: SÉNÉGAL | K42: SÉNÉGAL | L42: NULL | M42: 0 | N42: NULL | O42: Greffe | P42: Dakar | Q42: =IF(J42=K42,0,1) -> 0 | R42: =ISBLANK(K42) -> FALSE
A43: Dakar | B43: AWA PRESTA SERVICES | C43: AWA PRESTA SERVICES | D43: =VLOOKUP(RBE!C43,Permis[[#This Row],[Parties]],1,0) -> #N/A | E43: AMINATA DIA | F43: 2022-09-06 16:31:41.953 | G43: =LEFT(TRIM(F43),4) -> 2022 | H43: 5 | I43: 5 | J43: SÉNÉGAL | K43: SÉNÉGAL | L43: NULL | M43: 0 | N43: NULL | O43: Greffe | P43: Dakar | Q43: =IF(J43=K43,0,1) -> 0 | R43: =ISBLANK(K43) -> FALSE
A44: Dakar | B44: AWAHABA GROUP | C44: AWAHABA GROUP | D44: =VLOOKUP(RBE!C44,Permis[[#This Row],[Parties]],1,0) -> #N/A | E44: AMINATA DIOP | F44: 2022-09-06 16:31:41.953 | G44: =LEFT(TRIM(F44),4) -> 2022 | H44: 65 | I44: 65 | J44: SÉNÉGAL | K44: SÉNÉGAL | L44: NULL | M44: 0 | N44: NULL | O44: Greffe | P44: Dakar | Q44: =IF(J44=K44,0,1) -> 0 | R44: =ISBLANK(K44) -> FALSE
A45: Dakar | B45: "AWAHABA GROUP" SARL | C45: AWAHABA GROUP SARL | D45: =VLOOKUP(RBE!C45,Permis[[#This Row],[Parties]],1,0) -> #N/A | E45: ADAMA DIALLO | F45: 2021-06-30 14:02:24.310 | G45: =LEFT(TRIM(F45),4) -> 2021 | H45: 15 | I45: NULL | J45: CAMEROUN | K45: CAMEROUN | L45: NULL | M45: 0 | N45: NULL | O45: Greffe | P45: Dakar | Q45: =IF(J45=K45,0,1) -> 0 | R45: =ISBLANK(K45) -> FALSE
A46: Dakar | B46: "AWAHABA GROUP" SARL | C46: AWAHABA GROUP SARL | D46: =VLOOKUP(RBE!C46,Permis[[#This Row],[Parties]],1,0) -> #N/A | E46: ADAMA DIALLO | F46: 2022-01-27 15:21:10.527 | G46: =LEFT(TRIM(F46),4) -> 2022 | H46: 33 | I46: 33 | J46: SÉNÉGAL | K46: SÉNÉGAL | L46: NULL | M46: 0 | N46: NULL | O46: Greffe | P46: Dakar | Q46: =IF(J46=K46,0,1) -> 0 | R46: =ISBLANK(K46) -> FALSE
A47: Dakar | B47: BAKHOUM BUSINESS COMPANY | C47: BAKHOUM BUSINESS COMPANY | D47: =VLOOKUP(RBE!C47,Permis[[#This Row],[Parties]],1,0) -> #N/A | E47: AMINATA KEBE | F47: 2022-09-06 16:31:41.953 | G47: =LEFT(TRIM(F47),4) -> 2022 | H47: 30 | I47: 30 | J47: SÉNÉGAL | K47: SÉNÉGAL | L47: NULL | M47: 0 | N47: NULL | O47: Greffe | P47: Dakar | Q47: =IF(J47=K47,0,1) -> 0 | R47: =ISBLANK(K47) -> FALSE
A48: Dakar | B48: BAMBADJI SA | C48: BAMBADJI SA | D48: =VLOOKUP(RBE!C48,Permis[[#This Row],[Parties]],1,0) -> #N/A | E48: AMINATA SALL | F48: 2022-04-05 15:18:17.890 | G48: =LEFT(TRIM(F48),4) -> 2022 | H48: 20 | I48: 20 | J48: SÉNÉGAL | K48: SÉNÉGAL | L48: NULL | M48: 0 | N48: NULL | O48: Greffe | P48: Dakar | Q48: =IF(J48=K48,0,1) -> 0 | R48: =ISBLANK(K48) -> FALSE
A49: Dakar | B49: BAMBOUK EXPLORATION SUARL | C49: BAMBOUK EXPLORATION SUARL | D49: =VLOOKUP(RBE!C49,Permis[[#This Row],[Parties]],1,0) -> #N/A | E49: AMRANE HAMADY GANGUE | F49: 2022-04-05 15:18:17.890 | G49: =LEFT(TRIM(F49),4) -> 2022 | H49: 40 | I49: 40 | J49: MAURITANIE | K49: MAURITANIE | L49: NULL | M49: 0 | N49: NULL | O49: Greffe | P49: Dakar | Q49: =IF(J49=K49,0,1) -> 0 | R49: =ISBLANK(K49) -> FALSE
A50: Dakar | B50: BAMBUK MINERALS SENEGAL | C50: BAMBUK MINERALS SENEGAL | D50: =VLOOKUP(RBE!C50,Permis[[#This Row],[Parties]],1,0) -> #N/A | E50: ANDRE SADIAKHOU | F50: 2022-04-05 15:18:17.890 | G50: =LEFT(TRIM(F50),4) -> 2022 | H50: 40 | I50: 40 | J50: SÉNÉGAL | K50: SÉNÉGAL | L50: NULL | M50: 0 | N50: NULL | O50: Greffe | P50: Dakar | Q50: =IF(J50=K50,0,1) -> 0 | R50: =ISBLANK(K50) -> FALSE
A51: Dakar | B51: BAMINE | C51: BAMINE | D51: =VLOOKUP(RBE!C51,Permis[[#This Row],[Parties]],1,0) -> #N/A | E51: ANDREAS PHILIP DEMETRIOU | F51: 2022-05-06 08:09:21.790 | G51: =LEFT(TRIM(F51),4) -> 2022 | H51: 25 | I51: 25 | J51: SÉNÉGAL | K51: SÉNÉGAL | L51: NULL | M51: 0 | N51: NULL | O51: Greffe | P51: Dakar | Q51: =IF(J51=K51,0,1) -> 0 | R51: =ISBLANK(K51) -> FALSE
A52: Dakar | B52: BANTAL DE BEROLA | C52: BANTAL DE BEROLA | D52: =VLOOKUP(RBE!C52,Permis[[#This Row],[Parties]],1,0) -> #N/A | E52: ANNE ELISE MADELEINE APPRILL | F52: 2022-05-06 08:09:21.790 | G52: =LEFT(TRIM(F52),4) -> 2022 | H52: 30 | I52: 30 | J52: SÉNÉGAL | K52: SÉNÉGAL | L52: NULL | M52: 0 | N52: NULL | O52: Greffe | P52: Dakar | Q52: =IF(J52=K52,0,1) -> 0 | R52: =ISBLANK(K52) -> FALSE
A53: Dakar | B53: BANTAL DE BEROLA | C53: BANTAL DE BEROLA | D53: =VLOOKUP(RBE!C53,Permis[[#This Row],[Parties]],1,0) -> #N/A | E53: ANSOUMANE CISSOKHO | F53: 2022-05-06 08:09:21.790 | G53: =LEFT(TRIM(F53),4) -> 2022 | H53: 15 | I53: 15 | J53: SÉNÉGAL | K53: SÉNÉGAL | L53: NULL | M53: 0 | N53: NULL | O53: Greffe | P53: Dakar | Q53: =IF(J53=K53,0,1) -> 0 | R53: =ISBLANK(K53) -> FALSE
A54: Dakar | B54: BANTAL DE BEROLA | C54: BANTAL DE BEROLA | D54: =VLOOKUP(RBE!C54,Permis[[#This Row],[Parties]],1,0) -> #N/A | E54: ARDO SADIO SOW | F54: 2022-05-06 08:09:21.790 | G54: =LEFT(TRIM(F54),4) -> 2022 | H54: 30 | I54: 30 | J54: SÉNÉGAL | K54: SÉNÉGAL | L54: NULL | M54: 0 | N54: NULL | O54: Greffe | P54: Dakar | Q54: =IF(J54=K54,0,1) -> 0 | R54: =ISBLANK(K54) -> FALSE
A55: Dakar | B55: BAOBAB GOLD (BG SARL) | C55: BAOBAB GOLD (BG SARL) | D55: =VLOOKUP(RBE!C55,Permis[[#This Row],[Parties]],1,0) -> #N/A | E55: ARFANG BOUBACAR DAFFE | F55: 2022-09-12 15:53:28.840 | G55: =LEFT(TRIM(F55),4) -> 2022 | H55: 100 | I55: NULL | J55: SÉNÉGAL | K55: SÉNÉGAL | L55: NULL | M55: 0 | N55: NULL | O55: Greffe | P55: Dakar | Q55: =IF(J55=K55,0,1) -> 0 | R55: =ISBLANK(K55) -> FALSE
A56: Dakar | B56: BAOBAB GOLD (BG SARL) | C56: BAOBAB GOLD (BG SARL) | D56: =VLOOKUP(RBE!C56,Permis[[#This Row],[Parties]],1,0) -> #N/A | E56: ASSANE FALL | F56: 2022-01-17 13:28:31.023 | G56: =LEFT(TRIM(F56),4) -> 2022 | H56: 100 | I56: 100 | J56: SÉNÉGAL | K56: SÉNÉGAL | L56: NULL | M56: 0 | N56: NULL | O56: Greffe | P56: Dakar | Q56: =IF(J56=K56,0,1) -> 0 | R56: =ISBLANK(K56) -> FALSE
A57: Dakar | B57: BAOBAB MINING | C57: BAOBAB MINING | D57: =VLOOKUP(RBE!C57,Permis[[#This Row],[Parties]],1,0) -> #N/A | E57: ASTOU MBODJ | F57: 2022-04-28 08:45:45.023 | G57: =LEFT(TRIM(F57),4) -> 2022 | H57: 5 | I57: 5 | J57: SÉNÉGAL | K57: SÉNÉGAL | L57: NULL | M57: 0 | N57: NULL | O57: Greffe | P57: Dakar | Q57: =IF(J57=K57,0,1) -> 0 | R57: =ISBLANK(K57) -> FALSE
A58: Dakar | B58: BAOBAB MINING | C58: BAOBAB MINING | D58: =VLOOKUP(RBE!C58,Permis[[#This Row],[Parties]],1,0) -> #N/A | E58: AUGUSTIN MANE | F58: 2022-04-28 08:45:45.023 | G58: =LEFT(TRIM(F58),4) -> 2022 | H58: 10 | I58: 10 | J58: SÉNÉGAL | K58: SÉNÉGAL | L58: NULL | M58: 0 | N58: NULL | O58: Greffe | P58: Dakar | Q58: =IF(J58=K58,0,1) -> 0 | R58: =ISBLANK(K58) -> FALSE
A59: Dakar | B59: BATIR MON PAYS | C59: BATIR MON PAYS | D59: =VLOOKUP(RBE!C59,Permis[[#This Row],[Parties]],1,0) -> #N/A | E59: AUGUSTIN MANE | F59: 2022-04-28 08:45:45.023 | G59: =LEFT(TRIM(F59),4) -> 2022 | H59: 8 | I59: 8 | J59: SÉNÉGAL | K59: SÉNÉGAL | L59: NULL | M59: 0 | N59: NULL | O59: Greffe | P59: Dakar | Q59: =IF(J59=K59,0,1) -> 0 | R59: =ISBLANK(K59) -> FALSE
A60: Dakar | B60: BAU | C60: BAU | D60: =VLOOKUP(RBE!C60,Permis[[#This Row],[Parties]],1,0) -> #N/A | E60: AUGUSTIN MANE | F60: 2022-04-28 08:45:45.023 | G60: =LEFT(TRIM(F60),4) -> 2022 | H60: 77 | I60: 77 | J60: SÉNÉGAL | K60: SÉNÉGAL | L60: NULL | M60: 0 | N60: NULL | O60: Greffe | P60: Dakar | Q60: =IF(J60=K60,0,1) -> 0 | R60: =ISBLANK(K60) -> FALSE
A61: Dakar | B61: BB FIRST COMMODITY HOLDING LTD | C61: BB FIRST COMMODITY HOLDING LTD | D61: =VLOOKUP(RBE!C61,Permis[[#This Row],[Parties]],1,0) -> #N/A | E61: AUGUSTIN MANE | F61: 2022-09-12 08:33:25.280 | G61: =LEFT(TRIM(F61),4) -> 2022 | H61: 100 | I61: 100 | J61: SÉNÉGAL | K61: SÉNÉGAL | L61: NULL | M61: 0 | N61: NULL | O61: Greffe | P61: Dakar | Q61: =IF(J61=K61,0,1) -> 0 | R61: =ISBLANK(K61) -> FALSE
A62: Dakar | B62: BENCOUTA DE SAMECOUTA | C62: BENCOUTA DE SAMECOUTA | D62: =VLOOKUP(RBE!C62,Permis[[#This Row],[Parties]],1,0) -> #N/A | E62: AWA AMINATA BA | F62: 2022-06-20 15:54:20.793 | G62: =LEFT(TRIM(F62),4) -> 2022 | H62: 50 | I62: 50 | J62: SÉNÉGAL | K62: SÉNÉGAL | L62: NULL | M62: 0 | N62: NULL | O62: Greffe | P62: Dakar | Q62: =IF(J62=K62,0,1) -> 0 | R62: =ISBLANK(K62) -> FALSE
A63: Dakar | B63: BENCOUTA DE SAMECOUTA | C63: BENCOUTA DE SAMECOUTA | D63: =VLOOKUP(RBE!C63,Permis[[#This Row],[Parties]],1,0) -> #N/A | E63: AWA DIOP | F63: 2022-06-20 15:54:20.793 | G63: =LEFT(TRIM(F63),4) -> 2022 | H63: 50 | I63: 50 | J63: SÉNÉGAL | K63: SÉNÉGAL | L63: NULL | M63: 0 | N63: NULL | O63: Greffe | P63: Dakar | Q63: =IF(J63=K63,0,1) -> 0 | R63: =ISBLANK(K63) -> FALSE
A64: Dakar | B64: BENCOUTA DE SAMECOUTA | C64: BENCOUTA DE SAMECOUTA | D64: =VLOOKUP(RBE!C64,Permis[[#This Row],[Parties]],1,0) -> #N/A | E64: BABACAR CISSE | F64: 2022-04-05 14:46:43.493 | G64: =LEFT(TRIM(F64),4) -> 2022 | H64: 48 | I64: 48 | J64: GAMBIE | K64: GAMBIE | L64: NULL | M64: 0 | N64: NULL | O64: Greffe | P64: Dakar | Q64: =IF(J64=K64,0,1) -> 0 | R64: =ISBLANK(K64) -> FALSE
A65: Dakar | B65: BENKANTO | C65: BENKANTO | D65: =VLOOKUP(RBE!C65,Permis[[#This Row],[Parties]],1,0) -> #N/A | E65: BABACAR MASSAR MBENGUE | F65: 2022-06-21 11:07:29.003 | G65: =LEFT(TRIM(F65),4) -> 2022 | H65: 100 | I65: 100 | J65: SÉNÉGAL | K65: SÉNÉGAL | L65: NULL | M65: 0 | N65: NULL | O65: Greffe | P65: Dakar | Q65: =IF(J65=K65,0,1) -> 0 | R65: =ISBLANK(K65) -> FALSE
A66: Dakar | B66: BENKANTO | C66: BENKANTO | D66: =VLOOKUP(RBE!C66,Permis[[#This Row],[Parties]],1,0) -> #N/A | E66: BABACAR MASSAR MBENGUE | F66: 2022-04-05 14:46:43.493 | G66: =LEFT(TRIM(F66),4) -> 2022 | H66: 5 | I66: 5 | J66: SÉNÉGAL | K66: SÉNÉGAL | L66: NULL | M66: 0 | N66: NULL | O66: Greffe | P66: Dakar | Q66: =IF(J66=K66,0,1) -> 0 | R66: =ISBLANK(K66) -> FALSE
A67: Dakar | B67: BENKANTO | C67: BENKANTO | D67: =VLOOKUP(RBE!C67,Permis[[#This Row],[Parties]],1,0) -> #N/A | E67: BABACAR MASSAR MBENGUE | F67: 2022-04-05 14:46:43.493 | G67: =LEFT(TRIM(F67),4) -> 2022 | H67: 23 | I67: 23 | J67: MAURITANIE | K67: MAURITANIE | L67: NULL | M67: 0 | N67: NULL | O67: Greffe | P67: Dakar | Q67: =IF(J67=K67,0,1) -> 0 | R67: =ISBLANK(K67) -> FALSE
... A81: Dakar | B81: BENKANTO | C81: BENKANTO | D81: =VLOOKUP(RBE!C81,Permis[[#This Row],[Parties]],1,0) -> #N/A | E81: BAYE FALLOU DIOP | F81: 2022-01-31 12:17:16.243 | G81: =LEFT(TRIM(F81),4) -> 2022 | H81: 100 | I81: 100 | J81: SÉNÉGAL | K81: SÉNÉGAL | L81: NULL | M81: 0 | N81: NULL | O81: Greffe | P81: Dakar | Q81: =IF(J81=K81,0,1) -> 0 | R81: =ISBLANK(K81) -> FALSE
A82: Dakar | B82: BENKANTO | C82: BENKANTO | D82: =VLOOKUP(RBE!C82,Permis[[#This Row],[Parties]],1,0) -> #N/A | E82: BAYO CHARLOTTE | F82: 2022-10-12 16:50:56.950 | G82: =LEFT(TRIM(F82),4) -> 2022 | H82: 100 | I82: NULL | J82: SÉNÉGAL | K82: SÉNÉGAL | L82: NULL | M82: 0 | N82: NULL | O82: Greffe | P82: Dakar | Q82: =IF(J82=K82,0,1) -> 0 | R82: =ISBLANK(K82) -> FALSE
A83: Dakar | B83: BENKANTO | C83: BENKANTO | D83: =VLOOKUP(RBE!C83,Permis[[#This Row],[Parties]],1,0) -> #N/A | E83: BEAUCLAIR RAYMOND ZEMFACK | F83: 2022-12-27 15:10:30.383 | G83: =LEFT(TRIM(F83),4) -> 2022 | H83: 55 | I83: 55 | J83: SÉNÉGAL | K83: SÉNÉGAL | L83: NULL | M83: 0 | N83: NULL | O83: Greffe | P83: Dakar | Q83: =IF(J83=K83,0,1) -> 0 | R83: =ISBLANK(K83) -> FALSE
A84: Dakar | B84: BENKANTO | C84: BENKANTO | D84: =VLOOKUP(RBE!C84,Permis[[#This Row],[Parties]],1,0) -> #N/A | E84: BERNARD RAYMOND ORTEGAT | F84: 2022-12-27 15:10:30.383 | G84: =LEFT(TRIM(F84),4) -> 2022 | H84: 45 | I84: 45 | J84: SÉNÉGAL | K84: SÉNÉGAL | L84: NULL | M84: 0 | N84: NULL | O84: Greffe | P84: Dakar | Q84: =IF(J84=K84,0,1) -> 0 | R84: =ISBLANK(K84) -> FALSE
A85: Dakar | B85: BENKANTO | C85: BENKANTO | D85: =VLOOKUP(RBE!C85,Permis[[#This Row],[Parties]],1,0) -> #N/A | E85: BINTOU MADY DRAME | F85: 2022-08-29 16:22:46.800 | G85: =LEFT(TRIM(F85),4) -> 2022 | H85: NULL | I85: NULL | J85: SÉNÉGAL | K85: SÉNÉGAL | L85: NULL | M85: 1 | N85: NULL | O85: Greffe | P85: Dakar | Q85: =IF(J85=K85,0,1) -> 0 | R85: =ISBLANK(K85) -> FALSE
A86: Dakar | B86: BENKANTO | C86: BENKANTO | D86: =VLOOKUP(RBE!C86,Permis[[#This Row],[Parties]],1,0) -> #N/A | E86: BINTOU SONKO | F86: 2022-09-07 16:08:33.433 | G86: =LEFT(TRIM(F86),4) -> 2022 | H86: 33 | I86: 33 | J86: SÉNÉGAL | K86: SÉNÉGAL | L86: NULL | M86: 0 | N86: NULL | O86: Greffe | P86: Dakar | Q86: =IF(J86=K86,0,1) -> 0 | R86: =ISBLANK(K86) -> FALSE
A87: Dakar | B87: BENKANTO | C87: BENKANTO | D87: =VLOOKUP(RBE!C87,Permis[[#This Row],[Parties]],1,0) -> #N/A | E87: BINTOU SOUARE | F87: 2022-09-07 16:08:33.433 | G87: =LEFT(TRIM(F87),4) -> 2022 | H87: 33 | I87: NULL | J87: TURQUIE | K87: TURQUIE | L87: NULL | M87: 0 | N87: NULL | O87: Greffe | P87: Dakar | Q87: =IF(J87=K87,0,1) -> 0 | R87: =ISBLANK(K87) -> FALSE
A88: Dakar | B88: BENKANTO | C88: BENKANTO | D88: =VLOOKUP(RBE!C88,Permis[[#This Row],[Parties]],1,0) -> #N/A | E88: BIRAMA NDOYE | F88: 2022-09-07 16:08:33.433 | G88: =LEFT(TRIM(F88),4) -> 2022 | H88: 12 | I88: NULL | J88: SÉNÉGAL | K88: SÉNÉGAL | L88: NULL | M88: 0 | N88: NULL | O88: Greffe | P88: Dakar | Q88: =IF(J88=K88,0,1) -> 0 | R88: =ISBLANK(K88) -> FALSE
A89: Dakar | B89: BENKANTO | C89: BENKANTO | D89: =VLOOKUP(RBE!C89,Permis[[#This Row],[Parties]],1,0) -> #N/A | E89: BIRAME FAYE | F89: 2022-01-04 15:58:52.750 | G89: =LEFT(TRIM(F89),4) -> 2022 | H89: 100 | I89: 100 | J89: SÉNÉGAL | K89: SÉNÉGAL | L89: NULL | M89: 0 | N89: NULL | O89: Greffe | P89: Dakar | Q89: =IF(J89=K89,0,1) -> 0 | R89: =ISBLANK(K89) -> FALSE
A90: Dakar | B90: BENKANTO | C90: BENKANTO | D90: =VLOOKUP(RBE!C90,Permis[[#This Row],[Parties]],1,0) -> #N/A | E90: BOUBACAR DIALLO | F90: 2022-07-13 11:55:20.860 | G90: =LEFT(TRIM(F90),4) -> 2022 | H90: 100 | I90: 100 | J90: SÉNÉGAL | K90: SÉNÉGAL | L90: NULL | M90: 0 | N90: NULL | O90: Greffe | P90: Dakar | Q90: =IF(J90=K90,0,1) -> 0 | R90: =ISBLANK(K90) -> FALSE
A91: Dakar | B91: BENKANTO | C91: BENKANTO | D91: =VLOOKUP(RBE!C91,Permis[[#This Row],[Parties]],1,0) -> #N/A | E91: BOUBACAR SOUARE | F91: 2022-04-07 15:26:19.047 | G91: =LEFT(TRIM(F91),4) -> 2022 | H91: 50 | I91: 50 | J91: SÉNÉGAL | K91: SÉNÉGAL | L91: NULL | M91: 0 | N91: NULL | O91: Greffe | P91: Dakar | Q91: =IF(J91=K91,0,1) -> 0 | R91: =ISBLANK(K91) -> FALSE
A92: Dakar | B92: BENKHANGHO | C92: BENKHANGHO | D92: =VLOOKUP(RBE!C92,Permis[[#This Row],[Parties]],1,0) -> #N/A | E92: BOUBACAR THIAW | F92: 2022-04-07 15:26:19.047 | G92: =LEFT(TRIM(F92),4) -> 2022 | H92: 50 | I92: 50 | J92: SÉNÉGAL | K92: SÉNÉGAL | L92: NULL | M92: 0 | N92: NULL | O92: Greffe | P92: Dakar | Q92: =IF(J92=K92,0,1) -> 0 | R92: =ISBLANK(K92) -> FALSE
A93: Dakar | B93: BHAIRAVA AGRICOLE | C93: BHAIRAVA AGRICOLE | D93: =VLOOKUP(RBE!C93,Permis[[#This Row],[Parties]],1,0) -> #N/A | E93: BOUBACAR THIAW | F93: 2022-09-08 16:27:03.483 | G93: =LEFT(TRIM(F93),4) -> 2022 | H93: 100 | I93: NULL | J93: SÉNÉGAL | K93: SÉNÉGAL | L93: NULL | M93: 0 | N93: NULL | O93: Greffe | P93: Dakar | Q93: =IF(J93=K93,0,1) -> 0 | R93: =ISBLANK(K93) -> FALSE
A94: Dakar | B94: BIGSAM OR | C94: BIGSAM OR | D94: =VLOOKUP(RBE!C94,Permis[[#This Row],[Parties]],1,0) -> #N/A | E94: BOUGAR DIOUF | F94: 2022-09-12 09:25:33.697 | G94: =LEFT(TRIM(F94),4) -> 2022 | H94: 60 | I94: NULL | J94: SÉNÉGAL | K94: SÉNÉGAL | L94: NULL | M94: 0 | N94: NULL | O94: Greffe | P94: Dakar | Q94: =IF(J94=K94,0,1) -> 0 | R94: =ISBLANK(K94) -> FALSE
A95: Dakar | B95: BIGSAM OR | C95: BIGSAM OR | D95: =VLOOKUP(RBE!C95,Permis[[#This Row],[Parties]],1,0) -> #N/A | E95: BOUGAR DIOUF | F95: 2022-09-12 09:25:33.697 | G95: =LEFT(TRIM(F95),4) -> 2022 | H95: 40 | I95: 40 | J95: SÉNÉGAL | K95: SÉNÉGAL | L95: NULL | M95: 0 | N95: NULL | O95: Greffe | P95: Dakar | Q95: =IF(J95=K95,0,1) -> 0 | R95: =ISBLANK(K95) -> FALSE
A96: Dakar | B96: BINKHANTO BAITOULAYE | C96: BINKHANTO BAITOULAYE | D96: =VLOOKUP(RBE!C96,Permis[[#This Row],[Parties]],1,0) -> #N/A | E96: BOUNA DIAKHOUMPA | F96: 2022-12-02 12:06:18.623 | G96: =LEFT(TRIM(F96),4) -> 2022 | H96: 100 | I96: 100 | J96: SÉNÉGAL | K96: SÉNÉGAL | L96: NULL | M96: 0 | N96: NULL | O96: Greffe | P96: Dakar | Q96: =IF(J96=K96,0,1) -> 0 | R96: =ISBLANK(K96) -> FALSE
A97: Dakar | B97: BINKHANTO BAITOULAYE | C97: BINKHANTO BAITOULAYE | D97: =VLOOKUP(RBE!C97,Permis[[#This Row],[Parties]],1,0) -> #N/A | E97: Bruno | F97: 2022-06-30 15:44:36.867 | G97: =LEFT(TRIM(F97),4) -> 2022 | H97: NULL | I97: 25 | J97: SÉNÉGAL | K97: SÉNÉGAL | L97: NULL | M97: 0 | N97: NULL | O97: Greffe | P97: Dakar | Q97: =IF(J97=K97,0,1) -> 0 | R97: =ISBLANK(K97) -> FALSE
A98: Dakar | B98: BINKHANTO BAITOULAYE | C98: BINKHANTO BAITOULAYE | D98: =VLOOKUP(RBE!C98,Permis[[#This Row],[Parties]],1,0) -> #N/A | E98: BRUNO VICTOR LOUIS DERNEVILLE | F98: 2022-04-27 15:35:05.490 | G98: =LEFT(TRIM(F98),4) -> 2022 | H98: 5 | I98: 5 | J98: SERBIE | K98: SERBIE | L98: NULL | M98: 0 | N98: NULL | O98: Greffe | P98: Dakar | Q98: =IF(J98=K98,0,1) -> 0 | R98: =ISBLANK(K98) -> FALSE
A99: Dakar | B99: BINOME SARL | C99: BINOME SARL | D99: =VLOOKUP(RBE!C99,Permis[[#This Row],[Parties]],1,0) -> #N/A | E99: CAILIN ZHU | F99: 2022-04-27 15:35:05.490 | G99: =LEFT(TRIM(F99),4) -> 2022 | H99: 5 | I99: 5 | J99: AUSTRALIE | K99: AUSTRALIE | L99: NULL | M99: 0 | N99: NULL | O99: Greffe | P99: Dakar | Q99: =IF(J99=K99,0,1) -> 0 | R99: =ISBLANK(K99) -> FALSE
A100: Dakar | B100: BINOME SARL | C100: BINOME SARL | D100: =VLOOKUP(RBE!C100,Permis[[#This Row],[Parties]],1,0) -> #N/A | E100: CHEICH BADIANE SAKHO | F100: 2022-04-27 15:35:05.490 | G100: =LEFT(TRIM(F100),4) -> 2022 | H100: 5 | I100: 5 | J100: AFRIQUE DU SUD | K100: AFRIQUE DU SUD | L100: NULL | M100: 0 | N100: NULL | O100: Greffe | P100: Dakar | Q100: =IF(J100=K100,0,1) -> 0 | R100: =ISBLANK(K100) -> FALSE
A101: Dakar | B101: BIRIMA GOLD RESSOURCES | C101: BIRIMA GOLD RESSOURCES | D101: =VLOOKUP(RBE!C101,Permis[[#This Row],[Parties]],1,0) -> #N/A | E101: CHEIKH ABO MADIYANA MBACKE | F101: 2022-12-19 09:15:14.990 | G101: =LEFT(TRIM(F101),4) -> 2022 | H101: 40 | I101: 40 | J101: PAKISTAN | K101: PAKISTAN | L101: NULL | M101: 0 | N101: NULL | O101: Greffe | P101: Dakar | Q101: =IF(J101=K101,0,1) -> 0 | R101: =ISBLANK(K101) -> FALSE
A102: Dakar | B102: BLY SENEGAL | C102: BLY SENEGAL | D102: =VLOOKUP(RBE!C102,Permis[[#This Row],[Parties]],1,0) -> #N/A | E102: CHEIKH AHMADOU BAMBA DIENG | F102: 2022-12-19 09:15:14.990 | G102: =LEFT(TRIM(F102),4) -> 2022 | H102: 60 | I102: 60 | J102: SÉNÉGAL | K102: SÉNÉGAL | L102: NULL | M102: 0 | N102: NULL | O102: Greffe | P102: Dakar | Q102: =IF(J102=K102,0,1) -> 0 | R102: =ISBLANK(K102) -> FALSE
A103: Dakar | B103: BOKAMINE | C103: BOKAMINE | D103: =VLOOKUP(RBE!C103,Permis[[#This Row],[Parties]],1,0) -> #N/A | E103: CHEIKH AHMED TIDIANE THIAM | F103: 2022-02-09 17:30:09.653 | G103: =LEFT(TRIM(F103),4) -> 2022 | H103: 100 | I103: 100 | J103: SÉNÉGAL | K103: SÉNÉGAL | L103: NULL | M103: 0 | N103: NULL | O103: Greffe | P103: Dakar | Q103: =IF(J103=K103,0,1) -> 0 | R103: =ISBLANK(K103) -> FALSE
A104: Dakar | B104: BOKAMINE | C104: BOKAMINE | D104: =VLOOKUP(RBE!C104,Permis[[#This Row],[Parties]],1,0) -> #N/A | E104: CHEIKH AHMED TIDIANY THIAM | F104: 2022-12-19 13:33:53.013 | G104: =LEFT(TRIM(F104),4) -> 2022 | H104: 100 | I104: 100 | J104: SÉNÉGAL | K104: SÉNÉGAL | L104: NULL | M104: 0 | N104: NULL | O104: Greffe | P104: Dakar | Q104: =IF(J104=K104,0,1) -> 0 | R104: =ISBLANK(K104) -> FALSE
A105: Dakar | B105: BOKAMINE | C105: BOKAMINE | D105: =VLOOKUP(RBE!C105,Permis[[#This Row],[Parties]],1,0) -> #N/A | E105: CHEIKH AHMET TIDIANE DIOP | F105: 2022-09-30 16:57:00.950 | G105: =LEFT(TRIM(F105),4) -> 2022 | H105: 12 | I105: NULL | J105: SÉNÉGAL | K105: SÉNÉGAL | L105: NULL | M105: 0 | N105: NULL | O105: Greffe | P105: Dakar | Q105: =IF(J105=K105,0,1) -> 0 | R105: =ISBLANK(K105) -> FALSE
A106: Dakar | B106: BOLLO BAKH | C106: BOLLO BAKH | D106: =VLOOKUP(RBE!C106,Permis[[#This Row],[Parties]],1,0) -> #N/A | E106: CHEIKH GUEYE | F106: 2022-09-30 16:57:00.950 | G106: =LEFT(TRIM(F106),4) -> 2022 | H106: 12 | I106: NULL | J106: SÉNÉGAL | K106: SÉNÉGAL | L106: NULL | M106: 0 | N106: NULL | O106: Greffe | P106: Dakar | Q106: =IF(J106=K106,0,1) -> 0 | R106: =ISBLANK(K106) -> FALSE
A107: Dakar | B107: "BOOK JOM ANDE LIGUEY MECKHE " | C107: BOOK JOM ANDE LIGUEY MECKHE | D107: =VLOOKUP(RBE!C107,Permis[[#This Row],[Parties]],1,0) -> #N/A | E107: ADAMA DIONGUE | F107: 2021-12-08 15:39:53.490 | G107: =LEFT(TRIM(F107),4) -> 2021 | H107: 30 | I107: 30 | J107: SÉNÉGAL | K107: SÉNÉGAL | L107: NULL | M107: 0 | N107: NULL | O107: Greffe | P107: Dakar | Q107: =IF(J107=K107,0,1) -> 0 | R107: =ISBLANK(K107) -> FALSE
A108: Dakar | B108: "BOOK JOM ANDE LIGUEY MECKHE " | C108: BOOK JOM ANDE LIGUEY MECKHE | D108: =VLOOKUP(RBE!C108,Permis[[#This Row],[Parties]],1,0) -> #N/A | E108: ADAMA DIOUF | F108: 2021-12-08 15:39:53.490 | G108: =LEFT(TRIM(F108),4) -> 2021 | H108: 40 | I108: 40 | J108: SÉNÉGAL | K108: SÉNÉGAL | L108: NULL | M108: 0 | N108: NULL | O108: Greffe | P108: Dakar | Q108: =IF(J108=K108,0,1) -> 0 | R108: =ISBLANK(K108) -> FALSE
A109: Dakar | B109: BOYA | C109: BOYA | D109: =VLOOKUP(RBE!C109,Permis[[#This Row],[Parties]],1,0) -> #N/A | E109: CHEIKH IBRAHIMA FAYE | F109: 2022-09-30 16:57:00.950 | G109: =LEFT(TRIM(F109),4) -> 2022 | H109: 12 | I109: NULL | J109: SÉNÉGAL | K109: SÉNÉGAL | L109: NULL | M109: 0 | N109: NULL | O109: Greffe | P109: Dakar | Q109: =IF(J109=K109,0,1) -> 0 | R109: =ISBLANK(K109) -> FALSE
A110: Dakar | B110: BP SENEGAL INVESTMENTS LIMITED | C110: BP SENEGAL INVESTMENTS LIMITED | D110: =VLOOKUP(RBE!C110,Permis[[#This Row],[Parties]],1,0) -> #N/A | E110: CHEIKH MOHAMED FADEL SONKO | F110: 2022-09-30 16:57:00.950 | G110: =LEFT(TRIM(F110),4) -> 2022 | H110: 12 | I110: NULL | J110: SÉNÉGAL | K110: SÉNÉGAL | L110: NULL | M110: 0 | N110: NULL | O110: Greffe | P110: Dakar | Q110: =IF(J110=K110,0,1) -> 0 | R110: =ISBLANK(K110) -> FALSE
A111: Dakar | B111: CAMMACH-SN | C111: CAMMACH-SN | D111: =VLOOKUP(RBE!C111,Permis[[#This Row],[Parties]],1,0) -> #N/A | E111: CHEIKH NA DIOP | F111: 2022-09-30 16:57:00.950 | G111: =LEFT(TRIM(F111),4) -> 2022 | H111: 80 | I111: NULL | J111: SÉNÉGAL | K111: SÉNÉGAL | L111: NULL | M111: 0 | N111: NULL | O111: Greffe | P111: Dakar | Q111: =IF(J111=K111,0,1) -> 0 | R111: =ISBLANK(K111) -> FALSE
A112: Dakar | B112: CAMMACH-SN | C112: CAMMACH-SN | D112: =VLOOKUP(RBE!C112,Permis[[#This Row],[Parties]],1,0) -> #N/A | E112: CHEIKH SIDY BA | F112: 2022-07-04 10:13:07.860 | G112: =LEFT(TRIM(F112),4) -> 2022 | H112: NULL | I112: NULL | J112: SÉNÉGAL | K112: SÉNÉGAL | L112: NULL | M112: 0 | N112: NULL | O112: Greffe | P112: Dakar | Q112: =IF(J112=K112,0,1) -> 0 | R112: =ISBLANK(K112) -> FALSE
A113: Dakar | B113: CAMMACH-SN | C113: CAMMACH-SN | D113: =VLOOKUP(RBE!C113,Permis[[#This Row],[Parties]],1,0) -> #N/A | E113: CHEIKH TIDIANE DIOP | F113: 2022-04-20 13:44:15.417 | G113: =LEFT(TRIM(F113),4) -> 2022 | H113: 30 | I113: 30 | J113: SÉNÉGAL | K113: SÉNÉGAL | L113: NULL | M113: 0 | N113: NULL | O113: Greffe | P113: Dakar | Q113: =IF(J113=K113,0,1) -> 0 | R113: =ISBLANK(K113) -> FALSE
...

Sheet 00
A1: Entreprises Déclarantes dans RBE
A2: 2S GOLD
A3: ABA SERVICES
A4: ABABACAR DIOP TRANSPORTS SARL
A5: ABANDOUR GEOLINK
A6: AD GLOD
A7: ADAMA UNIVERSAL IMMOBILIER ET AFFAIRES ADA-SUARL
A8: ADJAF UNIVERSEL
A9: AFIA SERVICES
A10: AFRICA A WAY
A11: AFRICA CONSULTING BUSINESS (ACB)
A12: AFRICA GLOBAL GEOINGENIERIE (A2G)
... A319: Total général

Sheet 01
A1: Entreprises ayant des titres miniers
A2: AFRICA TRADE AND INVESTMENT CONSULTING SARL (100%)
A3: SURVEY SERVICES SUARL
A4: 3T SARL (100%)
A5: ABANDOUR GEOLINK (100%)
A6: ADAMA UNIVERSAL IMMOBILIER ET AFFAIRES (100%)
A7: ADICO SARL (100%)
A8: AFG RESSOURCES (100%)
A9: AFRICA GLOBAL GEOINGENIERIE SARL
A10: AFRICA SERVICES GROUP SUARL (100%)
A11: AFRICA TRADING EQUIPEMENT CONSTRUCTION SUARL (100%)
A12: AFRICAN BUILDERS SARL (100%)
... A415: Total général

Sheet 02
A1: Entreprises sous traitant
A2: AECI SENEGAL
A3: Africa Power Services Senegal
A4: African Underground Mining Services Senegal SUARL
A5: AMS Senegal SUARL
A6: BAUER
A7: BOSFOR SARL
A8: CADEX SENEGAL
A9: CHALLENGE 2000 SARL
A10: CHEIKH FALL
A11: CJ ICM LOGISTICS BELGIUM BV
A12: CORICA MINING SERVICES SARL
... A43: Total général

Sheet 03
A2: Parties | B2: (Tous)
A4: Nombre de Parties
A5: 595

Sheet Feuil18
A3: Étiquettes de lignes | B3: Étiquettes de lignes
A4: AFRICA TRADE AND INVESTMENT CONSULTING SARL | B4: AFRICA TRADE AND INVESTMENT CONSULTING SARL
A5: SURVEY SERVICES SUARL | B5: SURVEY SERVICES SUARL
A6: 3T SARL | B6: 3T SARL
A7: ABANDOUR GEOLINK | B7: ABANDOUR GEOLINK
A8: ADAMA UNIVERSAL IMMOBILIER ET AFFAIRES | B8: ADAMA UNIVERSAL IMMOBILIER ET AFFAIRES
A9: ADICO SARL | B9: ADICO SARL
A10: AFG RESSOURCES | B10: AFG RESSOURCES
A11: AFRICA GLOBAL GEOINGENIERIE SARL | B11: AFRICA GLOBAL GEOINGENIERIE SARL
A12: AFRICA SERVICES GROUP SUARL | B12: AFRICA SERVICES GROUP SUARL
A13: AFRICA TRADING EQUIPEMENT CONSTRUCTION SUARL | B13: AFRICA TRADING EQUIPEMENT CONSTRUCTION SUARL
A14: AFRICAN BUILDERS SARL | B14: AFRICAN BUILDERS SARL
... A71: CILAGE MINE SUARL | B71: CILAGE MINE
A72: CIMENTS DE L'AFRIQUE | B72: CIMENTS DE L'AFRIQUE | C72: CIMAF
A73: CIMENTS DE L'AFRIQUE (90%) | B73: CIMENTS DE L'AFRIQUE
A74: CIMENTS DU SAHEL | B74: CIMENTS DU SAHEL | C74: CDS
A75: CK CARRIERE | B75: CK CARRIERE
A76: CK CARRIRES SA | B76: CK CARRIERE
A77: COMMUNE DE BOKHOL | B77: COMMUNE DE BOKHOL
A78: COMMUNE DE KEUR MADIABEL | B78: COMMUNE DE KEUR MADIABEL
A79: COMMUNE DE NGUIDILLE | B79: COMMUNE DE NGUIDILLE
A80: COMMUNE DE PIRE | B80: COMMUNE DE PIRE
A81: COMMUNE DE ROSS-BETHIO | B81: COMMUNE DE ROSS-BETHIO
A82: COMMUNE GANDON | B82: COMMUNE GANDON
A83: COMPAGNIE SENEGALAISE DES PHOSPHATES DE TAIBA | B83: COMPAGNIE SENEGALAISE DES PHOSPHATES DE TAIBA
A84: COMPAGNIE DES SABLES DU SENEGAL | B84: COMPAGNIE DES SABLES DU SENEGAL
A85: COMPAGNIE GENERALE D'EXPLOITATION DE CARRIERE | B85: COMPAGNIE GENERALE D'EXPLOITATION DE CARRIERE | C85: COGECA
A86: COMPAGNIE SAHELIENNE D'ENTREPRISE GRANULATS | B86: COMPAGNIE SAHELIENNE D'ENTREPRISE GRANULATS | C86: CSE
A87: COMPAGNY SAKHO - C.S | B87: COMPAGNY SAKHO - C.S
A88: COMPTOIR COMMERCIAL BALLA AICHA CCBA SUARL | B88: COMPTOIR COMMERCIAL BALLA AICHA CCBA SUARL
A89: COMPTOIR D'OR DE LA REGION SARL | B89: COMPTOIR D'OR DE LA REGION SARL
A90: COMPTOIRE COMMERCIAL DAOUDA DIA SUARL | B90: COMPTOIRE COMMERCIAL DAOUDA DIA SUARL
A91: CONSORTIUM PETROMIR & PETROLINE | B91: CONSORTIUM PETROMIR & PETROLINE
A92: CONSORTIUM SENEGALAISE D' INDUSTRIE ET DE COMMERCE | B92: CONSORTIUM SENEGALAISE D' INDUSTRIE ET DE COMMERCE
A93: CONSTRUCTION GESTION INNOVATION IMMOBILIERE | B93: CONSTRUCTION GESTION INNOVATION IMMOBILIERE
A94: CSE GRANULATS SA | B94: CSE GRANULATS SA
A95: DAME DIAKHATE | B95: DAME DIAKHATE
A96: DAMOUNGHAYE SUARL | B96: DAMOUNGHAYE SUARL
A97: DANGOTE CEMENT SENEGAL SA | B97: DANGOTE CEMENT SENEGAL SA
A98: DANGOTE INDUSTRIES SENEGAL SA | B98: DANGOTE INDUSTRIES SENEGAL SA
... A219: INCA SARL | B219: INCA SARL
A220: INDUSTRIES CHIMIQUES DU SENEGAL | B220: INDUSTRIES CHIMIQUES DU SENEGAL | C220: ICS
A221: INTERNATIONAL COMPANY OF TRADE AND SERVICES SA ; SOCIETE CAPITAL PLUS | B221: INTERNATIONAL COMPANY OF TRADE AND SERVICES SA ; SOCIETE CAPITAL PLUS
A222: ISLE WORLDWIDE | B222: ISLE WORLDWIDE
A223: IVOIRE INGENIERIE PLUS SUARL | B223: IVOIRE INGENIERIE PLUS SUARL
A224: JAMOMINING SARL | B224: JAMOMINING SARL
A225: KAANGUI A-F SUARL | B225: KAANGUI A-F SUARL
A226: KAANGUI A-F SUARL | B226: KAANGUI A-F SUARL
A227: KABIR 313 SUARL | B227: KABIR 313 SUARL
A228: KANEL RESOURCES SARL | B228: KANEL RESOURCES SARL
A229: KAPI GROUP | B229: KAPI GROUP
A230: KAYAR HMC MINING SA | B230: KAYAR HMC MINING SA
A231: KEDOUGOU BUSINESS & MINING SERVICES SARL | B231: KEDOUGOU BUSINESS & MINING SERVICES SARL
A232: KEDOUGOU BUSINESS & MINING SERVICES SARL | B232: KEDOUGOU BUSINESS & MINING SERVICES SARL
... A302: S DOM HOLDING GOLD SARL | B302: S DOM HOLDING GOLD SARL
A303: SABODALA GOLD OPERATIONS SA (SGO) | B303: SABODALA GOLD OPERATIONS SA (SGO) | C303: SGO
A304: SABODALA GOLD OPERATIONS SA (SGO) | B304: SABODALA GOLD OPERATIONS SA (SGO)
A305: SABODALA MINING COMPANY | B305: SABODALA MINING COMPANY
A306: SAFIA IMPORT EXPORT | B306: SAFIA IMPORT EXPORT
A307: SAHEL 2M CIE SARL | B307: SAHEL 2M CIE SARL
A308: SALAME ENTREPRISE SARL | B308: SALAME ENTREPRISE SARL
A309: SALIOU MINES INDUSTRIES ET TECHNIQUES | B309: SALIOU MINES INDUSTRIES ET TECHNIQUES
A310: SALL PAPA SANGONE | B310: SALL PAPA SANGONE
A311: SAMA GOLD SARL | B311: SAMA GOLD SARL
A312: SANTARGILE SA | B312: SANTARGILE SA
A313: SAOCASIK COMPANU SASU | B313: SAOCASIK COMPANU SASU
A314: SARAYA ENERGY | B314: SARAYA ENERGY
A315: SCATY INDUSTRIES | B315: SCATY INDUSTRIES
... A349: SOCIETE DE COMMERCIALISATION DU CIMENT (SOCOCIM) INDUSTRIES | B349: SOCIETE DE COMMERCIALISATION DU CIMENT (SOCOCIM) INDUSTRIES
A350: SOCIETE DE CONCASSAGE ET DE BETON SARL | B350: SOCIETE DE CONCASSAGE ET DE BETON SARL | C350: SOCOBE
A351: SOCIETE DE FORAGE ET DE TRAVAUX PUBLICS MINING | B351: SOCIETE DE FORAGE ET DE TRAVAUX PUBLICS MINING
A352: SOCIETE DE GESTION DES CARRIERES DU SENEGAL | B352: SOCIETE DE GESTION DES CARRIERES DU SENEGAL
A353: SOCIETE DE GESTION DES MINES ET CARRIERES SARL | B353: SOCIETE DE GESTION DES MINES ET CARRIERES SARL
A354: SOCIETE DE RECHERCHE ET DE DEVELOPPEMENT DES MINES SA (SORED-MINES) | B354: SOCIETE DE RECHERCHE ET DE DEVELOPPEMENT DES MINES SA (SORED-MINES)
A355: SOCIETE DE SERVICES, BATIMENT ET COMMERCE INTERNATIONALE 2SBCI SUARL | B355: SOCIETE DE SERVICES, BATIMENT ET COMMERCE INTERNATIONALE 2SBCI SUARL
A356: SOCIETE DES MINES DU SENEGAL | B356: SOCIETE DES MINES DU SENEGAL | C356: SODEMINES
A357: SOCIETE DES MINES DU SENEGAL (SODEMINES) | B357: SOCIETE DES MINES DU SENEGAL
A358: SOCIETE DES MINES DU SENEGAL (SODEMINES) | B358: SOCIETE DES MINES DU SENEGAL
A359: SOCIETE DES TERRES NEUVES SARL | B359: SOCIETE DES TERRES NEUVES SARL
A360: SOCIETE D'ETUDES ET DE REALISATION DES PHOSPHATES DE MATAM (SERPM) | B360: SOCIETE D'ETUDES ET DE REALISATION DES PHOSPHATES DE MATAM (SERPM)
A361: SOCIETE D'EXPLOITATION DE LOGISTIQUE ET DES TRAVAUX | B361: SOCIETE D'EXPLOITATION DE LOGISTIQUE ET DES TRAVAUX
A362: SOCIETE D'EXPLOITATION DES MINES ET CARRIERES (SEMC) | B362: SOCIETE D'EXPLOITATION DES MINES ET CARRIERES (SEMC)
A363: SOCIETE D'EXPLOITATION MINIERE IMMOBILIERE ET COMMERCIALE | B363: SOCIETE D'EXPLOITATION MINIERE IMMOBILIERE ET COMMERCIALE
A364: SOCIETE EDTSG-SARL | B364: SOCIETE EDTSG-SARL
A365: SOCIETE IMMOBILIERE DE CONSTRUCTION ET DE GERANCE ( SICOGER ) SARL | B365: SOCIETE IMMOBILIERE DE CONSTRUCTION ET DE GERANCE ( SICOGER ) SARL
A366: SOCIETE INDUSTRIELLE ET MINIERE SUARL | B366: SOCIETE INDUSTRIELLE ET MINIERE SUARL
A367: SOCIETE INTERNATIONALE DE BATIMENT ET DE COMMERCE ET DE TRAVAUX PUBLICS (SICOBAT TP) | B367: SOCIETE INTERNATIONALE DE BATIMENT ET DE COMMERCE ET DE TRAVAUX PUBLICS (SICOBAT TP)
A368: SOCIETE MINIERE AFRICAINE | B368: SOCIETE MINIERE AFRICAINE
... A417: Total général | B417: Total général
