Workbook

Sheet 1) Données
C1: Janvier | D1: Février | E1: Mars | F1: Avril | G1: Mai | H1: Juin | I1: Juillet | J1: Août | K1: Septembre | L1: Octobre | M1: Novembre | N1: Décembre | O1: Total | P1: Moyenne
A2: Cours | B2: USD/oz | C2: 1000 | D2: 1100 | E2: 1400 | F2: 1050 | G2: 900 | H2: 800 | I2: 850 | J2: 1300 | K2: 1600 | L2: 1700 | M2: 1800 | N2: 2000 | P2: =AVERAGE(C2:N2) -> 1291.6667
A3: Minerai extrait | B3: t | C3: 10000 | D3: 12000 | E3: 12000 | F3: 15000 | G3: 15000 | H3: 9000 | I3: 9000 | J3: 12000 | K3: 12000 | L3: 14000 | M3: 12000 | N3: 10000 | O3: =SUM(C3:N3) -> 142000 | P3: =AVERAGE(C3:N3) -> 11833.333
A4: Teneur | B4: oz/t | C4: 0.223 | D4: 0.225 | E4: 0.198 | F4: 0.185 | G4: 0.185 | H4: 0.223 | I4: 0.321 | J4: 0.311 | K4: 0.255 | L4: 0.286 | M4: 0.296 | N4: 0.223 | P4: =AVERAGE(C4:N4) -> 0.24425
A5: Production réalisée | B5: oz | C5: =C3*C4 -> 2230 | D5: =D3*D4 -> 2700 | E5: =E3*E4 -> 2376 | F5: =F3*F4 -> 2775 | G5: =G3*G4 -> 2775 | H5: =H3*H4 -> 2007 | I5: =I3*I4 -> 2889 | J5: =J3*J4 -> 3732 | ... N5: =N3*N4 -> 2230 | O5: =SUM(C5:N5) -> 34330 | P5: =P3*P4 -> 2890.2917

Sheet 2) Exportations mensuelles
C1: Janvier | D1: Février | E1: Mars | F1: Avril | G1: Mai | H1: Juin | I1: Juillet | J1: Août | K1: Septembre | L1: Octobre | M1: Novembre | N1: Décembre | O1: Total | P1: Moyenne
A2: Cours | B2: USD/oz | C2: 1000 | D2: 1100 | E2: 1400 | F2: 1050 | G2: 900 | H2: 800 | I2: 850 | J2: 1300 | K2: 1600 | L2: 1700 | M2: 1800 | N2: 2000 | P2: =AVERAGE(C2:N2) -> 1291.6667
A3: Minerai extrait | B3: t | C3: 10000 | D3: 12000 | E3: 12000 | F3: 15000 | G3: 15000 | H3: 9000 | I3: 9000 | J3: 12000 | K3: 12000 | L3: 14000 | M3: 12000 | N3: 10000 | O3: =SUM(C3:N3) -> 142000 | P3: =AVERAGE(C3:N3) -> 11833.333
A4: Teneur | B4: oz/t | C4: 0.223 | D4: 0.225 | E4: 0.198 | F4: 0.185 | G4: 0.185 | H4: 0.223 | I4: 0.321 | J4: 0.311 | K4: 0.255 | L4: 0.286 | M4: 0.296 | N4: 0.223 | P4: =AVERAGE(C4:N4) -> 0.24425
A5: Production réalisée | B5: oz | C5: =C3*C4 -> 2230 | D5: =D3*D4 -> 2700 | E5: =E3*E4 -> 2376 | F5: =F3*F4 -> 2775 | G5: =G3*G4 -> 2775 | H5: =H3*H4 -> 2007 | I5: =I3*I4 -> 2889 | J5: =J3*J4 -> 3732 | ... N5: =N3*N4 -> 2230 | O5: =SUM(C5:N5) -> 34330 | P5: =P3*P4 -> 2890.2917
A6: Chiffre d'affaires réalisé | B6: USD | C6: =C5*C2 -> 2230000 | D6: =D5*D2 -> 2970000 | E6: =E5*E2 -> 3326400 | F6: =F5*F2 -> 2913750 | G6: =G5*G2 -> 2497500 | H6: =H5*H2 -> 1605600 | I6: =I5*I2 -> 2455650 | J6: =J5*J2 -> 4851600 | ... N6: =N5*N2 -> 4460000 | O6: =SUM(C6:N6) -> 45406900 | P6: =P2*P5 -> 3733293.4
A7: Redevance minière (5%) | B7: USD | C7: =C6*5% -> 111500 | D7: =D6*5% -> 148500 | E7: =E6*5% -> 166320 | F7: =F6*5% -> 145687.5 | G7: =G6*5% -> 124875 | H7: =H6*5% -> 80280 | I7: =I6*5% -> 122782.5 | J7: =J6*5% -> 242580 | ... N7: =N6*5% -> 223000 | O7: =SUM(C7:N7) -> 2270345 | P7: =AVERAGE(C7:N7) -> 189195.42

Sheet 3) Exportations semestrielles
C1: Janvier | D1: Février | E1: Mars | F1: Avril | G1: Mai | H1: Juin | I1: Juillet | J1: Août | K1: Septembre | L1: Octobre | M1: Novembre | N1: Décembre | O1: Total | P1: Moyenne
A2: Cours | B2: USD/oz | C2: 1000 | D2: 1100 | E2: 1400 | F2: 1050 | G2: 900 | H2: 800 | I2: 850 | J2: 1300 | K2: 1600 | L2: 1700 | M2: 1800 | N2: 2000 | P2: =AVERAGE(C2:N2) -> 1291.6667
A3: Minerai extrait | B3: t | C3: 10000 | D3: 12000 | E3: 12000 | F3: 15000 | G3: 15000 | H3: 9000 | I3: 9000 | J3: 12000 | K3: 12000 | L3: 14000 | M3: 12000 | N3: 10000 | O3: =SUM(C3:N3) -> 142000 | P3: =AVERAGE(C3:N3) -> 11833.333
A4: Teneur | B4: oz/t | C4: 0.223 | D4: 0.225 | E4: 0.198 | F4: 0.185 | G4: 0.185 | H4: 0.223 | I4: 0.321 | J4: 0.311 | K4: 0.255 | L4: 0.286 | M4: 0.296 | N4: 0.223 | P4: =AVERAGE(C4:N4) -> 0.24425
A5: Production réalisée | B5: oz | C5: =C3*C4 -> 2230 | D5: =D3*D4 -> 2700 | E5: =E3*E4 -> 2376 | F5: =F3*F4 -> 2775 | G5: =G3*G4 -> 2775 | H5: =H3*H4 -> 2007 | I5: =I3*I4 -> 2889 | J5: =J3*J4 -> 3732 | ... N5: =N3*N4 -> 2230 | O5: =SUM(C5:N5) -> 34330 | P5: =P3*P4 -> 2890.2917
A6: Chiffre d'affaires réalisé | B6: USD | H6: =SUM(C5:H5)*H2 -> 11890400 | N6: =SUM(I5:N5)*N2 -> 38934000 | O6: =SUM(C6:N6) -> 50824400 | P6: =O6/12 -> 4235366.7
A7: Redevance minière (5%) | B7: USD | H7: =H6*5% -> 594520 | N7: =N6*5% -> 1946700 | O7: =SUM(C7:N7) -> 2541220 | P7: =O7/12 -> 211768.33
O8: =O7-'2) Exportations mensuelles'!O7 -> 270875
O9: =O8/'2) Exportations mensuelles'!O7 -> 0.11931006

Sheet 4) Contrat de couverture
C1: Janvier | D1: Février | E1: Mars | F1: Avril | G1: Mai | H1: Juin | I1: Juillet | J1: Août | K1: Septembre | L1: Octobre | M1: Novembre | N1: Décembre | O1: Total | P1: Moyenne
A2: Cours | B2: USD/oz | C2: 1000 | D2: 1100 | E2: 1400 | F2: 1050 | G2: 900 | H2: 800 | I2: 850 | J2: 1300 | K2: 1600 | L2: 1700 | M2: 1800 | N2: 2000 | P2: =AVERAGE(C2:N2) -> 1291.6667
A3: Minerai extrait | B3: t | C3: 10000 | D3: 12000 | E3: 12000 | F3: 15000 | G3: 15000 | H3: 9000 | I3: 9000 | J3: 12000 | K3: 12000 | L3: 14000 | M3: 12000 | N3: 10000 | O3: =SUM(C3:N3) -> 142000 | P3: =AVERAGE(C3:N3) -> 11833.333
A4: Teneur | B4: oz/t | C4: 0.223 | D4: 0.225 | E4: 0.198 | F4: 0.185 | G4: 0.185 | H4: 0.223 | I4: 0.321 | J4: 0.311 | K4: 0.255 | L4: 0.286 | M4: 0.296 | N4: 0.223 | P4: =AVERAGE(C4:N4) -> 0.24425
A5: Production réalisée | B5: oz | C5: =C3*C4 -> 2230 | D5: =D3*D4 -> 2700 | E5: =E3*E4 -> 2376 | F5: =F3*F4 -> 2775 | G5: =G3*G4 -> 2775 | H5: =H3*H4 -> 2007 | I5: =I3*I4 -> 2889 | J5: =J3*J4 -> 3732 | ... N5: =N3*N4 -> 2230 | O5: =SUM(C5:N5) -> 34330 | P5: =P3*P4 -> 2890.2917
A6: Chiffre d'affaires réalisé | B6: USD | N6: =SUM(C5:N5)*H2 -> 27464000 | O6: =SUM(C6:N6) -> 27464000 | P6: =O6/12 -> 2288666.7
A7: Redevance minière (5%) | B7: USD | N7: =N6*5% -> 1373200 | O7: =SUM(C7:N7) -> 1373200 | P7: =O7/12 -> 114433.33
O8: =O7-'2) Exportations mensuelles'!O7 -> -897145
O9: =O8/'2) Exportations mensuelles'!O7 -> -0.395158

Sheet 5) Manipulation de la teneur
C1: Janvier | D1: Février | E1: Mars | F1: Avril | G1: Mai | H1: Juin | I1: Juillet | J1: Août | K1: Septembre | L1: Octobre | M1: Novembre | N1: Décembre | O1: Total | P1: Moyenne
A2: Cours | B2: USD/oz | C2: 1000 | D2: 1100 | E2: 1400 | F2: 1050 | G2: 900 | H2: 800 | I2: 850 | J2: 1300 | K2: 1600 | L2: 1700 | M2: 1800 | N2: 2000 | P2: =AVERAGE(C2:N2) -> 1291.6667
A3: Minerai extrait | B3: t | C3: 10000 | D3: 12000 | E3: 12000 | F3: 15000 | G3: 15000 | H3: 9000 | I3: 9000 | J3: 12000 | K3: 12000 | L3: 14000 | M3: 12000 | N3: 10000 | O3: =SUM(C3:N3) -> 142000 | P3: =AVERAGE(C3:N3) -> 11833.333
A4: Teneur | B4: oz/t | C4: 0.223 | D4: 0.225 | E4: 0.198 | F4: 0.185 | G4: 0.185 | H4: 0.223 | I4: 0.321 | J4: 0.311 | K4: 0.255 | L4: 0.286 | M4: 0.296 | N4: 0.223 | P4: =AVERAGE(C4:N4) -> 0.24425
A5: Production réalisée | B5: oz | C5: =C3*$F$4 -> 1850 | D5: =D3*$F$4 -> 2220 | E5: =E3*$F$4 -> 2220 | F5: =F3*$F$4 -> 2775 | G5: =G3*$F$4 -> 2775 | H5: =H3*$F$4 -> 1665 | I5: =I3*$F$4 -> 1665 | J5: =J3*$F$4 -> 2220 | ... N5: =N3*$F$4 -> 1850 | O5: =SUM(C5:N5) -> 26270 | P5: =P3*P4 -> 2890.2917
A6: Chiffre d'affaires réalisé | B6: USD | C6: =C5*C2 -> 1850000 | D6: =D5*D2 -> 2442000 | E6: =E5*E2 -> 3108000 | F6: =F5*F2 -> 2913750 | G6: =G5*G2 -> 2497500 | H6: =H5*H2 -> 1332000 | I6: =I5*I2 -> 1415250 | J6: =J5*J2 -> 2886000 | ... N6: =N5*N2 -> 3700000 | O6: =SUM(C6:N6) -> 34095500 | P6: =O6/12 -> 2841291.7
A7: Redevance minière (5%) | B7: USD | C7: =C6*5% -> 92500 | D7: =D6*5% -> 122100 | E7: =E6*5% -> 155400 | F7: =F6*5% -> 145687.5 | G7: =G6*5% -> 124875 | H7: =H6*5% -> 66600 | I7: =I6*5% -> 70762.5 | J7: =J6*5% -> 144300 | ... N7: =N6*5% -> 185000 | O7: =SUM(C7:N7) -> 1704775 | P7: =O7/12 -> 142064.58
O8: =O7-'2) Exportations mensuelles'!O7 -> -565570
O9: =O8/'2) Exportations mensuelles'!O7 -> -0.24911192
